id,slider_value,image_error,read_time,conditions,item
6238aff6c6587,-1,False,[14155],fbrdc,38
6238aff6c6587,28,False,[5444],zrcf,8
6238aff6c6587,85,False,[3706],erdf,6
6238aff6c6587,77,False,[6367],erdc,15
6238aff6c6587,71,False,[6915],brcf,5
6238aff6c6587,-1,False,[5504],ferdf,34
6238aff6c6587,-1,False,[5449],fbrcf,35
6238aff6c6587,77,False,[5480],brdf,3
6238aff6c6587,-1,False,[5898],fbrdf,32
6238aff6c6587,100,False,[5159],fbrcf,28
6238aff6c6587,81,False,[5278],erdf,19
6238aff6c6587,-1,False,[4754],fercf,35
6238aff6c6587,100,False,[3607],fercf,34
6238aff6c6587,3,False,[3179],zrdf,9
6238aff6c6587,33,False,[5476],zrcf,10
6238aff6c6587,-1,False,[4981],fzrdf,28
6238aff6c6587,56,False,[5153],fbrdc,29
6238aff6c6587,0,False,[3167],fzrdc,38
6238aff6c6587,100,False,[3353],fercf,29
6238aff6c6587,91,False,[4688],zrdf,17
6238aff6c6587,93,False,[5384],ferdf,37
6238aff6c6587,-1,False,[7044],erdf,9
6238aff6c6587,6,False,[2649],fzrdc,29
6238aff6c6587,88,False,[3491],fercf,36
6238aff6c6587,11,False,[5633],fzrcf,35
6238aff6c6587,88,False,[3618],ferdf,38
6238aff6c6587,6,False,[4614],zrdc,15
6238aff6c6587,84,False,[3783],erdf,3
6238aff6c6587,82,False,[4322],brdf,6
6238aff6c6587,87,False,[3926],erdc,18
6238aff6c6587,-1,False,[4467],ferdf,36
6238aff6c6587,83,False,[2629],fbrcf,33
6238aff6c6587,-1,False,[6440],fbrdf,34
6238aff6c6587,1,False,[1747],fzrdc,36
6238aff6c6587,76,False,[3635],brcf,24
6238aff6c6587,14,False,[2459],ercf,2
6238aff6c6587,86,False,[3153],ercf,24
6238aff6c6587,-1,False,[4968],fbrdf,38
6238aff6c6587,74,False,[5885],erdc,12
6238aff6c6587,81,False,[4668],brcf,16
6238aff6c6587,12,False,[4071],fzrcf,33
6238aff6c6587,84,False,[5539],erdc,26
6238aff6c6587,93,False,[4797],zrdc,4
6238aff6c6587,-1,False,[4659],brdc,23
6238aff6c6587,83,False,"[2302, 8016]",brcf,27
6238aff6c6587,12,False,[3600],zrcf,13
6238aff6c6587,6,False,[3276],fzrdf,30
6238aff6c6587,6,False,[2327],fzrcf,29
6238aff6c6587,88,False,[2736],erdc,1
6238aff6c6587,92,False,[5848],fbrdc,28
6238aff6c6587,10,False,[3837],fbrdf,36
6238aff6c6587,97,False,[4022],ferdc,36
6238aff6c6587,17,False,[3833],brcf,2
6238aff6c6587,6,False,[3369],fzrcf,37
6238aff6c6587,6,False,[2516],ferdf,28
6238aff6c6587,93,False,[4239],ferdc,38
6238aff6c6587,94,False,[4117],fbrcf,30
6238aff6c6587,93,False,[3112],ferdf,33
6238aff6c6587,91,False,[5144],zrcf,16
6238aff6c6587,12,False,[3643],fzrdc,35
6238aff6c6587,87,False,[3645],brdf,9
6238aff6c6587,92,False,[3164],fbrdc,32
6238aff6c6587,-1,False,[4669],fzrcf,38
6238aff6c6587,96,False,[6179],fzrcf,31
6238aff6c6587,5,False,"[1912, 2673]",zrdc,12
6238aff6c6587,7,False,[1731],zrdc,7
6238aff6c6587,92,False,[3734],fbrdc,33
6238aff6c6587,95,False,[2871],brdc,1
6238aff6c6587,3,False,[3809],fzrcf,28
6238aff6c6587,95,False,[2564],brdc,12
6238aff6c6587,11,False,[2491],zrcf,24
6238aff6c6587,91,False,[4327],zrdf,11
6238aff6c6587,91,False,[2052],fercf,30
6238aff6c6587,91,False,[1873],fercf,38
6238aff6c6587,91,False,[3214],zrcf,2
6238aff6c6587,96,False,"[4128, 4658]",brdc,4
6238aff6c6587,-1,False,[3426],fbrdc,35
6238aff6c6587,-1,False,[3747],erdc,23
6238aff6c6587,6,False,"[2028, 2547]",fzrdc,34
6238aff6c6587,8,False,[2612],fzrdf,31
6238aff6c6587,8,False,[1670],fzrdf,38
6238aff6c6587,97,False,[3905],fbrdc,34
6238aff6c6587,8,False,[3201],fzrdf,34
6238aff6c6587,95,False,[1927],ercf,21
6238aff6c6587,95,False,[4356],ferdc,35
6238aff6c6587,95,False,[1967],brdc,7
6238aff6c6587,95,False,[3364],fbrdc,30
6238aff6c6587,95,False,[2883],brcf,13
6238aff6c6587,5,False,"[4337, 5070]",zrdf,6
6238aff6c6587,7,False,[4116],fzrcf,32
6238aff6c6587,94,False,[4594],ferdc,33
6238aff6c6587,94,False,[2893],erdc,4
6238aff6c6587,94,False,[2227],brdf,19
6238aff6c6587,5,False,[2897],ferdc,30
6238aff6c6587,90,False,[4230],zrdc,1
6238aff6c6587,7,False,[2957],fzrdf,35
6238aff6c6587,6,False,[3518],fzrdf,37
6238aff6c6587,5,False,[2417],erdf,22
6238aff6c6587,-1,False,[5519],fzrdf,36
6238aff6c6587,90,False,[5766],ferdc,34
6238aff6c6587,96,False,[3227],fbrcf,29
6238aff6c6587,96,False,[2299],brdf,11
6238aff6c6587,95,False,[2883],erdf,17
6238aff6c6587,95,False,[3045],ferdf,29
6238aff6c6587,2,False,[3847],fzrcf,30
6238aff6c6587,95,False,[5031],ercf,16
6238aff6c6587,95,False,[3547],fercf,31
6238aff6c6587,5,False,[3254],zrdf,22
6238aff6c6587,8,False,[2774],brdc,18
6238aff6c6587,95,False,[2157],ferdc,31
6238aff6c6587,97,False,[2916],erdf,14
6238aff6c6587,4,False,[2531],fzrdf,33
6238aff6c6587,96,False,[2199],erdc,7
6238aff6c6587,98,False,[3360],fbrdf,33
6238aff6c6587,88,False,[7064],ferdc,32
6238aff6c6587,-1,False,[6534],fbrcf,36
6238aff6c6587,95,False,[1966],brdf,25
6238aff6c6587,3,False,"[2131, 2643]",fzrdc,31
6238aff6c6587,97,False,[3642],ferdc,37
6238aff6c6587,97,False,[2582],fbrcf,32
6238aff6c6587,11,False,[2696],brdf,17
6238aff6c6587,5,False,[3727],zrdc,26
6238aff6c6587,5,False,[3154],fercf,28
6238aff6c6587,94,False,[3522],ercf,27
6238aff6c6587,13,False,[2239],zrdf,14
6238aff6c6587,94,False,[2322],brcf,21
6238aff6c6587,88,False,[4595],zrdf,3
6238aff6c6587,8,False,[2870],fbrdc,37
6238aff6c6587,92,False,[4740],brcf,10
6238aff6c6587,11,False,[2628],ercf,10
6238aff6c6587,-1,False,[4259],fbrcf,34
6238aff6c6587,-1,False,[3930],fbrcf,38
6238aff6c6587,-1,False,[3781],fbrdc,36
6238aff6c6587,4,False,[3676],fzrdf,32
6238aff6c6587,-1,False,[3982],ferdf,31
6238aff6c6587,4,False,[3066],zrdc,20
6238aff6c6587,4,False,[2668],ercf,13
6238aff6c6587,4,False,[1446],fzrdf,29
6238aff6c6587,-1,False,[3657],ferdc,29
6238aff6c6587,1,False,[3420],fzrcf,34
6238aff6c6587,8,False,[3962],brdc,26
6238aff6c6587,89,False,[2200],fbrdf,30
6238aff6c6587,93,False,[5648],fbrdf,29
6238aff6c6587,93,False,[7026],zrcf,27
6238aff6c6587,7,False,[3170],fzrcf,36
6238aff6c6587,-1,False,[6093],ferdc,28
6238aff6c6587,95,False,[4496],fbrdf,31
6238aff6c6587,94,False,[5449],ercf,5
6238aff6c6587,-1,False,[9031],brcf,8
6238aff6c6587,7,False,[3404],fzrdc,33
6238aff6c6587,4,False,[2274],brdc,15
6238aff6c6587,-1,False,"[4939, 6001]",fbrdf,28
6238aff6c6587,94,False,[5941],fercf,33
6238aff6c6587,4,False,[2499],erdf,25
6238aff6c6587,98,False,[5067],zrcf,5
6238aff6c6587,-1,False,[4096],fbrcf,37
6238aff6c6587,97,False,[1753],ferdf,35
6238aff6c6587,96,False,[3085],erdf,11
6238aff6c6587,92,False,[3422],zrdf,19
6238aff6c6587,2,False,[2782],fbrdc,31
6238aff6c6587,2,False,[1552],fzrdc,32
6238aff6c6587,-1,False,[4716],fbrdf,35
6238aff6c6587,90,False,[3545],brdf,22
6238aff6c6587,5,False,[3750],fercf,32
6238aff6c6587,5,False,[1938],ferdf,30
6238aff6c6587,89,False,[7138],brdf,14
6238aff6c6587,90,False,[4699],erdc,20
6238aff6c6587,5,False,[2340],fzrdc,28
6238aff6c6587,96,False,"[3007, 4404]",zrdc,23
6238aff6c6587,2,False,[1773],fzrdc,37
6238aff6c6587,95,False,[2703],zrdf,25
6238aff6c6587,95,False,[3538],ercf,8
6238aff6c6587,-1,False,[4365],fbrdf,37
6238aff6c6587,91,False,[5977],fbrcf,31
6238aff6c6587,95,False,[2469],zrdc,18
6238aff6c6587,98,False,[4495],fercf,37
6238aff6c6587,88,False,[5208],zrcf,21
6238aff6c6587,6,False,[1961],fzrdc,30
6238aff6c6587,96,False,"[2824, 3738]",brdc,20
6238aff6c6587,8,False,[3078],ferdf,32
6238b11a21f63,0,False,[8134],ferdf,29
6238b11a21f63,0,False,[4676],brdc,15
6238b11a21f63,100,False,[5299],ercf,13
6238b11a21f63,100,False,[3406],fzrdf,38
6238b11a21f63,100,False,[7768],ercf,21
6238b11a21f63,0,False,[6309],ercf,24
6238b11a21f63,100,False,[4063],fzrcf,38
6238b11a21f63,100,False,[3748],fzrcf,36
6238b11a21f63,0,False,[4278],fbrcf,28
6238b11a21f63,0,False,[3771],ferdc,38
6238b11a21f63,0,False,[5550],brdf,19
6238b11a21f63,0,False,[6041],erdf,17
6238b11a21f63,0,False,[5419],brdf,14
6238b11a21f63,0,False,[3961],ferdc,35
6238b11a21f63,100,False,[6677],fzrcf,33
6238b11a21f63,0,False,[3012],brdf,22
6238b11a21f63,0,False,[6606],fbrdc,32
6238b11a21f63,100,False,[4043],fzrdf,34
6238b11a21f63,100,False,[5454],fercf,30
6238b11a21f63,0,False,[7927],ferdf,35
6238b11a21f63,0,False,[6678],brdc,23
6238b11a21f63,0,False,[3322],brdf,17
6238b11a21f63,0,False,[2864],fercf,37
6238b11a21f63,100,False,[3136],fzrdf,33
6238b11a21f63,0,False,[4318],erdc,20
6238b11a21f63,0,False,[3910],brdc,1
6238b11a21f63,32,False,[14889],fbrcf,34
6238b11a21f63,100,False,[3155],fzrdc,29
6238b11a21f63,0,False,[8963],ercf,27
6238b11a21f63,0,False,[3049],fbrdc,34
6238b11a21f63,0,False,[3288],ferdc,36
6238b11a21f63,100,False,[4709],fzrcf,32
6238b11a21f63,0,False,[12847],zrcf,8
6238b11a21f63,100,False,[3515],fzrdc,28
6238b11a21f63,100,False,[4845],fzrdf,29
6238b11a21f63,0,False,[4856],brdf,11
6238b11a21f63,0,False,[5305],brdf,3
6238b11a21f63,63,False,[8996],fbrdf,34
6238b11a21f63,100,False,[3241],fzrdf,28
6238b11a21f63,100,False,[3913],fzrdc,32
6238b11a21f63,100,False,[3776],fzrcf,30
6238b11a21f63,0,False,[5510],zrdc,26
6238b11a21f63,0,False,[8830],zrcf,13
6238b11a21f63,100,False,[12121],ercf,16
6238b11a21f63,0,False,[8298],brdc,18
6238b11a21f63,100,False,[4176],fzrdc,33
6238b11a21f63,0,False,[6638],fbrcf,31
6238b11a21f63,0,False,[3884],ferdc,34
6238b11a21f63,0,False,[3544],erdf,6
6238b11a21f63,0,False,[5892],zrdc,7
6238b11a21f63,21,False,[8628],fbrdf,37
6238b11a21f63,100,False,[5086],ferdc,30
6238b11a21f63,69,False,[12180],ferdf,28
6238b11a21f63,0,False,[7465],brcf,2
6238b11a21f63,0,False,[3192],fercf,38
6238b11a21f63,100,False,[2961],fzrdc,36
6238b11a21f63,-1,False,[9261],brcf,8
6238b11a21f63,100,False,[3556],fzrdc,34
6238b11a21f63,0,False,[7214],erdc,18
6238b11a21f63,0,False,[5332],zrdf,17
6238b11a21f63,100,False,[4839],fzrcf,29
6238b11a21f63,100,False,[6708],ferdf,32
6238b11a21f63,32,False,[13167],fbrdf,36
6238b11a21f63,30,False,[5743],fbrcf,36
6238b11a21f63,0,False,[3832],erdf,25
6238b11a21f63,0,False,[6901],ercf,8
6238b11a21f63,100,False,[6475],fzrcf,35
6238b11a21f63,100,False,[6161],fzrdf,32
6238b11a21f63,0,False,[4418],fbrcf,32
6238b11a21f63,0,False,[4150],erdf,14
6238b11a21f63,0,False,[2972],fercf,31
6238b11a21f63,0,False,[5523],zrdc,23
6238b11a21f63,0,False,[11361],zrcf,10
6238b11a21f63,100,False,[4912],fzrdc,37
6238b11a21f63,0,False,[3328],erdc,7
6238b11a21f63,0,False,[3017],ferdf,37
6238b11a21f63,100,False,[3486],fzrcf,37
6238b11a21f63,100,False,[6585],brcf,13
6238b11a21f63,73,False,[10669],ferdc,28
6238b11a21f63,100,False,[5648],brcf,27
6238b11a21f63,0,False,[7164],fbrdc,31
6238b11a21f63,0,False,[3991],fbrdf,31
6238b11a21f63,0,False,[4581],brdc,7
6238b11a21f63,4,False,[10056],zrcf,2
6238b11a21f63,100,False,[5867],fzrcf,28
6238b11a21f63,0,False,[8129],brcf,5
6238b11a21f63,0,False,[5727],fbrdf,30
6238b11a21f63,0,False,[5556],erdf,22
6238b11a21f63,100,False,[4273],fzrdf,36
6238b11a21f63,0,False,[4452],zrdf,11
6238b11a21f63,0,False,[5313],zrdf,3
6238b11a21f63,0,False,[7749],fbrdc,29
6238b11a21f63,0,False,[4036],fercf,36
6238b11a21f63,0,False,[3796],ferdc,31
6238b11a21f63,100,False,[4098],fercf,28
6238b11a21f63,100,False,[3481],fzrdc,35
6238b11a21f63,0,False,[3542],fbrdc,30
6238b11a21f63,0,False,[5957],zrdc,4
6238b11a21f63,0,False,[4916],erdc,12
6238b11a21f63,1,False,[6539],fbrdf,38
6238b11a21f63,0,False,[3158],brdf,9
6238b11a21f63,0,False,[7976],erdf,19
6238b11a21f63,43,False,[12442],fbrcf,35
6238b11a21f63,0,False,[6464],ferdf,38
6238b11a21f63,0,False,[2911],fercf,35
6238b11a21f63,100,False,[4563],zrcf,27
6238b11a21f63,0,False,[6495],brcf,24
6238b11a21f63,0,False,[6389],zrcf,24
6238b11a21f63,0,False,[3379],fbrcf,30
6238b11a21f63,0,False,[6066],erdc,4
6238b11a21f63,0,False,[3037],zrdf,9
6238b11a21f63,100,False,[3295],fzrdf,35
6238b11a21f63,0,False,[2721],zrdc,12
6238b11a21f63,100,False,[6660],zrcf,21
6238b11a21f63,0,False,[4651],zrdf,14
6238b11a21f63,100,False,[4563],ferdf,30
6238b11a21f63,100,False,[2825],fzrdc,38
6238b11a21f63,22,False,[6740],fbrdc,38
6238b11a21f63,100,False,[8967],ferdc,32
6238b11a21f63,0,False,[4954],zrdf,25
6238b11a21f63,0,False,[6709],brcf,21
6238b11a21f63,0,False,[2941],ferdf,36
6238b11a21f63,0,False,[3339],zrdf,6
6238b11a21f63,0,False,[4257],zrdc,1
6238b11a21f63,0,False,[6862],fbrdc,28
6238b11a21f63,0,False,[7341],zrcf,5
6238b11a21f63,100,False,[3797],fzrdc,30
6238b11a21f63,100,False,[4239],fzrcf,34
6238b11a21f63,100,False,[3153],ercf,2
6238b11a21f63,0,False,[9056],brcf,16
6238b11a21f63,0,False,[2944],ferdc,37
6238b11a21f63,0,False,[3827],fbrdf,28
6238b11a21f63,0,False,[3970],ercf,5
6238b11a21f63,0,False,[6193],brdf,25
6238b11a21f63,0,False,[13271],erdc,23
6238b11a21f63,0,False,[3744],fercf,34
6238b11a21f63,0,False,[5654],fbrdf,29
6238b11a21f63,0,False,[4635],fbrdf,32
6238b11a21f63,0,False,[2687],erdc,15
6238b11a21f63,0,False,[4480],brdc,4
6238b11a21f63,0,False,[3948],zrdf,22
6238b11a21f63,0,False,[3530],brdc,12
6238b11a21f63,0,False,[5372],ferdf,31
6238b11a21f63,0,False,[5604],fbrdc,33
6238b11a21f63,98,False,[8757],zrcf,16
6238b11a21f63,100,False,[3283],fzrdc,31
6238b11a21f63,0,False,[3765],zrdc,18
6238b11a21f63,100,False,[3976],fzrdf,30
6238b11a21f63,65,False,[10983],fbrcf,38
6238b11a21f63,0,False,[5034],zrdc,15
6238b11a21f63,0,False,[3369],erdf,11
6238b11a21f63,0,False,[4882],fbrcf,33
6238b11a21f63,0,False,[3539],ferdf,34
6238b11a21f63,76,False,[10372],fbrdf,35
6238b11a21f63,50,False,[12258],fbrdc,36
6238b11a21f63,0,False,[4903],fercf,29
6238b11a21f63,0,False,[4221],fercf,33
6238b11a21f63,100,False,[5412],fzrdf,31
6238b11a21f63,0,False,[6509],ercf,10
6238b11a21f63,0,False,[3892],ferdf,33
6238b11a21f63,100,False,[4315],fzrdf,37
6238b11a21f63,100,False,[3457],fercf,32
6238b11a21f63,73,False,[6586],fbrdc,37
6238b11a21f63,34,False,[13552],fbrcf,37
6238b11a21f63,0,False,[3974],erdc,1
6238b11a21f63,0,False,[4605],zrdf,19
6238b11a21f63,0,False,[4174],fbrdf,33
6238b11a21f63,0,False,[6479],zrdc,20
6238b11a21f63,0,False,[4800],brdf,6
6238b11a21f63,29,False,[6041],fbrdc,35
6238b11a21f63,0,False,[5190],fbrcf,29
6238b11a21f63,0,False,[4330],brdc,26
6238b11a21f63,0,False,[7916],ferdc,29
6238b11a21f63,0,False,[4640],brcf,10
6238b11a21f63,0,False,[5063],erdf,9
6238b11a21f63,0,False,[4838],brdc,20
6238b11a21f63,100,False,[4392],fzrcf,31
6238b11a21f63,0,False,[3286],erdc,26
6238b11a21f63,0,False,[4538],erdf,3
6238b11a21f63,0,False,[3577],ferdc,33
6238b13bbbb36,-1,False,[11907],brdf,24
6238b13bbbb36,-1,False,[9549],fbrcf,38
6238b13bbbb36,100,False,[4907],fercf,35
6238b13bbbb36,83,False,[6629],ferdc,38
6238b13bbbb36,0,False,[8426],zrcf,4
6238b13bbbb36,100,False,[3902],fbrdc,30
6238b13bbbb36,100,False,[3379],ferdf,33
6238b13bbbb36,0,False,[4254],fzrdc,29
6238b13bbbb36,100,False,[5442],fbrdf,31
6238b13bbbb36,-1,False,[6334],brdf,8
6238b13bbbb36,-1,False,[3919],fbrdf,37
6238b13bbbb36,100,False,[4232],fbrdf,32
6238b13bbbb36,0,False,[33971],brcf,18
6238b13bbbb36,67,False,[6393],fercf,37
6238b13bbbb36,-1,False,[5343],ferdc,34
6238b13bbbb36,0,False,[3175],fzrdc,35
6238b13bbbb36,100,False,[4424],brdf,5
6238b13bbbb36,-1,False,[6432],fbrdf,29
6238b13bbbb36,100,False,[5049],fzrcf,29
6238b13bbbb36,92,False,[8939],brcf,23
6238b13bbbb36,-1,False,[3977],ferdf,29
6238b13bbbb36,-1,False,[6628],fbrdf,38
6238b13bbbb36,90,False,[3516],fbrcf,32
6238b13bbbb36,3,False,[7528],zrdc,17
6238b13bbbb36,-1,False,[37693],brdf,10
6238b13bbbb36,100,False,[8580],brcf,15
6238b13bbbb36,-1,False,"[3396, 5332]",ferdc,30
6238b13bbbb36,100,False,[3045],fercf,33
6238b13bbbb36,100,False,[3861],zrdf,13
6238b13bbbb36,100,False,[3081],zrcf,7
6238b13bbbb36,100,False,[3585],erdf,21
6238b13bbbb36,0,False,[4946],zrcf,26
6238b13bbbb36,100,False,[3904],fzrdf,28
6238b13bbbb36,85,False,[8117],fbrdc,33
6238b13bbbb36,0,False,[2641],fzrdc,36
6238b13bbbb36,100,False,[4963],erdc,3
6238b13bbbb36,0,False,[3566],fzrcf,36
6238b13bbbb36,100,False,[2999],ferdc,35
6238b13bbbb36,0,False,[5788],fzrdc,33
6238b13bbbb36,-1,False,[4653],fbrdc,34
6238b13bbbb36,100,False,[3000],zrdf,21
6238b13bbbb36,-1,False,[14607],erdf,27
6238b13bbbb36,100,False,[2423],ferdf,35
6238b13bbbb36,100,False,[2063],brdc,17
6238b13bbbb36,100,False,[3517],zrdf,5
6238b13bbbb36,100,False,[3421],fzrcf,31
6238b13bbbb36,100,False,[3066],brdc,6
6238b13bbbb36,0,False,[2410],fzrdc,34
6238b13bbbb36,0,False,[2920],fzrdf,36
6238b13bbbb36,100,False,[3440],zrcf,18
6238b13bbbb36,-1,False,[4837],erdf,2
6238b13bbbb36,100,False,[4965],zrdc,19
6238b13bbbb36,0,False,[6952],brcf,26
6238b13bbbb36,72,False,[7782],fzrcf,28
6238b13bbbb36,100,False,[3760],brdf,21
6238b13bbbb36,0,False,[3616],fzrdf,38
6238b13bbbb36,-1,False,[4410],brdf,13
6238b13bbbb36,100,False,[3892],zrdf,2
6238b13bbbb36,-1,False,[3231],erdf,24
6238b13bbbb36,100,False,[2209],zrdf,27
6238b13bbbb36,-1,False,[4285],fzrcf,38
6238b13bbbb36,-1,False,[3394],fbrcf,34
6238b13bbbb36,100,False,[3497],zrdf,10
6238b13bbbb36,100,False,[3875],brdc,14
6238b13bbbb36,100,False,[4450],fbrdf,33
6238b13bbbb36,100,False,[5104],brcf,7
6238b13bbbb36,100,False,[18952],fzrdf,31
6238b13bbbb36,100,False,[4922],zrdc,11
6238b13bbbb36,100,False,[20447],fzrdf,29
6238b13bbbb36,100,False,[9484],brdc,19
6238b13bbbb36,-1,False,[7713],ferdf,38
6238b13bbbb36,100,False,[5105],brcf,4
6238b13bbbb36,0,False,[4159],fzrdc,37
6238b13bbbb36,100,False,[3797],ercf,23
6238b13bbbb36,-1,False,[3501],ferdc,29
6238b13bbbb36,100,False,[3426],ercf,18
6238b13bbbb36,100,False,[3570],brdf,2
6238b13bbbb36,100,False,[5859],brdc,22
6238b13bbbb36,72,False,[4150],ercf,15
6238b13bbbb36,75,False,[3910],fbrcf,33
6238b13bbbb36,100,False,[3115],ferdc,33
6238b13bbbb36,-1,False,[3976],erdc,9
6238b13bbbb36,100,False,[2903],zrdf,8
6238b13bbbb36,98,False,[3058],zrcf,23
6238b13bbbb36,87,False,[3248],fercf,29
6238b13bbbb36,100,False,[5454],erdc,17
6238b13bbbb36,-1,False,[3548],fbrdc,36
6238b13bbbb36,89,False,[4191],zrcf,15
6238b13bbbb36,89,False,[5913],brdc,11
6238b13bbbb36,90,False,[4030],brdc,25
6238b13bbbb36,91,False,[3712],fbrcf,30
6238b13bbbb36,100,False,[2396],erdf,10
6238b13bbbb36,100,False,[2621],ferdc,31
6238b13bbbb36,-1,False,[3373],ferdf,28
6238b13bbbb36,100,False,[3028],brcf,12
6238b13bbbb36,100,False,[5790],fercf,36
6238b13bbbb36,100,False,[3520],ercf,1
6238b13bbbb36,0,False,[3515],fzrdf,34
6238b13bbbb36,99,False,[3554],zrdf,24
6238b13bbbb36,-1,False,[4149],fbrdc,28
6238b13bbbb36,100,False,[4628],erdc,11
6238b13bbbb36,97,False,[7032],zrcf,1
6238b13bbbb36,-1,False,[4207],fbrdf,28
6238b13bbbb36,100,False,[3812],fzrdf,30
6238b13bbbb36,100,False,[2795],fercf,32
6238b13bbbb36,0,False,[4989],fzrdf,32
6238b13bbbb36,100,False,[4514],ercf,7
6238b13bbbb36,100,False,[2685],zrdc,9
6238b13bbbb36,100,False,[3262],erdc,22
6238b13bbbb36,100,False,[3509],zrcf,20
6238b13bbbb36,95,False,[3574],fbrcf,29
6238b13bbbb36,-1,False,[2749],ferdf,31
6238b13bbbb36,90,False,[3557],zrdc,6
6238b13bbbb36,97,False,[3586],zrdf,16
6238b13bbbb36,-1,False,[3923],fbrdf,34
6238b13bbbb36,-1,False,[5558],erdc,25
6238b13bbbb36,100,False,[5033],zrcf,12
6238b13bbbb36,-1,False,[6435],erdf,5
6238b13bbbb36,100,False,[3557],ferdc,28
6238b13bbbb36,100,False,[2709],ercf,20
6238b13bbbb36,0,False,[5016],fercf,28
6238b13bbbb36,100,False,[3183],zrdc,3
6238b13bbbb36,0,False,[3914],fzrdc,31
6238b13bbbb36,100,False,[3271],erdc,14
6238b13bbbb36,100,False,[6612],fercf,31
6238b13bbbb36,100,False,[8611],fbrcf,31
6238b13bbbb36,0,False,[2836],fzrdf,37
6238b13bbbb36,100,False,[2440],ferdc,37
6238b13bbbb36,100,False,[2729],ercf,4
6238b13bbbb36,0,False,[2590],fzrdc,32
6238b13bbbb36,100,False,[3288],zrdc,22
6238b13bbbb36,100,False,[2881],erdc,6
6238b13bbbb36,100,False,[3300],fzrdc,28
6238b13bbbb36,-1,False,[3610],fbrcf,35
6238b13bbbb36,100,False,[1907],fercf,34
6238b13bbbb36,100,False,[1554],fzrdf,33
6238b13bbbb36,-1,False,[2976],brdc,3
6238b13bbbb36,100,False,[2562],erdf,16
6238b13bbbb36,100,False,[3057],fbrcf,28
6238b13bbbb36,3,False,[3657],fzrdf,35
6238b13bbbb36,-1,False,[5162],fbrdc,37
6238b13bbbb36,-1,False,[4563],ferdf,37
6238b13bbbb36,-1,False,[6349],ferdc,36
6238b13bbbb36,-1,False,[4847],fbrdc,38
6238b13bbbb36,100,False,[2535],ferdf,34
6238b13bbbb36,0,False,[2474],zrdc,25
6238b13bbbb36,6,False,[3699],fzrcf,34
6238b13bbbb36,100,False,[3115],ferdf,36
6238b13bbbb36,100,False,[4640],fbrdc,31
6238b13bbbb36,-1,False,[4399],erdf,13
6238b13bbbb36,-1,False,[3096],fbrdc,32
6238b13bbbb36,100,False,[3882],fbrdf,30
6238b13bbbb36,100,False,[7988],brdf,27
6238b13bbbb36,-1,False,[4916],fbrdc,29
6238b13bbbb36,0,False,[5176],fzrcf,35
6238b13bbbb36,-1,False,[3697],ferdc,32
6238b13bbbb36,100,False,[3578],ferdf,30
6238b13bbbb36,0,False,[3184],fzrcf,37
6238b13bbbb36,-1,False,[3443],erdf,8
6238b13bbbb36,100,False,[2661],ferdf,32
6238b13bbbb36,-1,False,[3644],fbrcf,36
6238b13bbbb36,0,False,[4991],fercf,30
6238b13bbbb36,-1,False,[4724],fbrdf,36
6238b13bbbb36,100,False,[4532],ercf,12
6238b13bbbb36,100,False,[3011],brcf,20
6238b13bbbb36,-1,False,[4826],erdc,19
6238b13bbbb36,100,False,[3787],brcf,1
6238b13bbbb36,100,False,[1703],brdf,16
6238b13bbbb36,100,False,[2462],fzrcf,30
6238b13bbbb36,0,False,[2323],fzrdc,38
6238b13bbbb36,100,False,[3217],zrdc,14
6238b13bbbb36,-1,False,[4302],fbrcf,37
6238b13bbbb36,100,False,[3380],fercf,38
6238b13bbbb36,100,False,[2929],ercf,26
6238b13bbbb36,0,False,[4398],fzrcf,33
6238b13bbbb36,0,False,[22503],fzrcf,32
6238b13bbbb36,100,False,[2853],brdc,9
6238b13bbbb36,0,False,[1597],fzrdc,30
6238b13bbbb36,-1,False,[3325],fbrdc,35
6238b13bbbb36,-1,False,[4514],fbrdf,35
6238b37c5233e,15,False,[7054],brdf,25
6238b37c5233e,15,False,[4831],zrdc,20
6238b37c5233e,81,False,[6449],fzrdf,28
6238b37c5233e,88,False,[5139],fzrdc,36
6238b37c5233e,8,False,[5287],fbrdf,33
6238b37c5233e,84,False,[5930],zrcf,5
6238b37c5233e,79,False,[3901],ercf,24
6238b37c5233e,82,False,[4090],fzrdf,34
6238b37c5233e,2,False,[4362],fercf,37
6238b37c5233e,90,False,[4329],fercf,30
6238b37c5233e,14,False,[4888],brdc,7
6238b37c5233e,6,False,[5821],fercf,29
6238b37c5233e,5,False,[4128],erdf,19
6238b37c5233e,8,False,[6129],ferdf,29
6238b37c5233e,3,False,[3394],ferdf,38
6238b37c5233e,98,False,[3306],fbrdf,36
6238b37c5233e,85,False,[6850],brcf,27
6238b37c5233e,8,False,[4744],zrdc,15
6238b37c5233e,11,False,[5274],ferdc,37
6238b37c5233e,14,False,[4274],zrcf,2
6238b37c5233e,14,False,[5317],fbrdf,30
6238b37c5233e,14,False,[5252],fbrdc,30
6238b37c5233e,9,False,[5258],fzrdf,29
6238b37c5233e,9,False,[3691],erdf,25
6238b37c5233e,84,False,[4826],fzrdf,36
6238b37c5233e,84,False,[7521],fbrdf,34
6238b37c5233e,8,False,[7282],brdf,11
6238b37c5233e,9,False,[6305],zrdf,14
6238b37c5233e,13,False,[6362],brcf,8
6238b37c5233e,10,False,[3587],brdc,20
6238b37c5233e,86,False,[4337],fzrcf,29
6238b37c5233e,7,False,[5500],erdc,12
6238b37c5233e,-1,False,[6394],fbrdc,34
6238b37c5233e,10,False,[3170],brdc,26
6238b37c5233e,85,False,[4075],ercf,5
6238b37c5233e,13,False,[5197],brdf,14
6238b37c5233e,15,False,[5187],brdf,3
6238b37c5233e,9,False,[4370],fbrdc,31
6238b37c5233e,84,False,[5257],zrcf,27
6238b37c5233e,81,False,[3706],fzrcf,30
6238b37c5233e,81,False,[6019],fzrdf,30
6238b37c5233e,11,False,[4705],zrdf,19
6238b37c5233e,12,False,[3162],brdf,6
6238b37c5233e,11,False,[4170],erdc,7
6238b37c5233e,14,False,[4245],erdf,22
6238b37c5233e,15,False,[3363],zrdc,4
6238b37c5233e,85,False,[4393],fzrcf,37
6238b37c5233e,14,False,[3705],fzrdf,32
6238b37c5233e,88,False,[3473],fzrdc,35
6238b37c5233e,88,False,[7886],fzrdf,33
6238b37c5233e,84,False,[9746],ferdc,35
6238b37c5233e,18,False,[5750],erdc,4
6238b37c5233e,12,False,[5080],fercf,35
6238b37c5233e,15,False,[16703],brcf,10
6238b37c5233e,83,False,[5305],fbrdf,38
6238b37c5233e,82,False,[3329],fzrcf,35
6238b37c5233e,87,False,[5427],ferdf,28
6238b37c5233e,88,False,[4368],fzrdc,33
6238b37c5233e,86,False,[2746],fzrdf,35
6238b37c5233e,18,False,[3564],ferdf,31
6238b37c5233e,18,False,[2944],erdf,14
6238b37c5233e,14,False,[3987],brdc,15
6238b37c5233e,90,False,[5550],ferdf,30
6238b37c5233e,14,False,[4722],zrdf,6
6238b37c5233e,85,False,[3896],fzrcf,34
6238b37c5233e,14,False,[3945],ferdf,36
6238b37c5233e,83,False,[20776],ferdf,32
6238b37c5233e,13,False,[3273],erdf,17
6238b37c5233e,13,False,[4724],zrdf,22
6238b37c5233e,15,False,[4393],fercf,31
6238b37c5233e,-1,False,[5522],fbrcf,36
6238b37c5233e,80,False,[3684],fzrcf,31
6238b37c5233e,84,False,[3425],fzrcf,33
6238b37c5233e,17,False,[3098],ercf,13
6238b37c5233e,82,False,"[3842, 5562]",fzrdc,28
6238b37c5233e,82,False,[2442],fzrdf,37
6238b37c5233e,16,False,[4073],brdc,4
6238b37c5233e,-1,False,[4363],fbrdc,38
6238b37c5233e,17,False,[3156],erdc,20
6238b37c5233e,17,False,[3067],brdc,23
6238b37c5233e,17,False,[3697],brdf,9
6238b37c5233e,21,False,[2690],erdc,18
6238b37c5233e,21,False,[3583],zrdf,3
6238b37c5233e,21,False,[4706],zrcf,21
6238b37c5233e,19,False,[3218],erdf,6
6238b37c5233e,19,False,[4026],fbrdf,28
6238b37c5233e,19,False,[5233],fbrcf,33
6238b37c5233e,18,False,[5642],ferdc,38
6238b37c5233e,14,False,[3978],zrdc,1
6238b37c5233e,21,False,[4193],brdc,12
6238b37c5233e,-1,False,[5125],fbrdc,35
6238b37c5233e,17,False,[2618],ferdc,34
6238b37c5233e,20,False,[2810],ferdf,34
6238b37c5233e,85,False,[4367],fzrdc,34
6238b37c5233e,15,False,[2882],fbrdc,29
6238b37c5233e,15,False,[4226],brdf,22
6238b37c5233e,82,False,[5538],fzrdf,38
6238b37c5233e,13,False,[4130],fercf,34
6238b37c5233e,82,False,[3930],fercf,32
6238b37c5233e,16,False,[5938],fercf,36
6238b37c5233e,14,False,[5915],zrdf,9
6238b37c5233e,79,False,[3696],fzrdc,32
6238b37c5233e,-1,False,[5082],fbrdf,35
6238b37c5233e,-1,False,[3930],fbrcf,34
6238b37c5233e,79,False,[2986],fzrdc,31
6238b37c5233e,11,False,[2899],erdc,23
6238b37c5233e,82,False,[3249],fzrcf,36
6238b37c5233e,19,False,[3874],brcf,2
6238b37c5233e,-1,False,[5986],fbrdf,37
6238b37c5233e,20,False,[5689],ercf,10
6238b37c5233e,80,False,[4818],fzrdf,31
6238b37c5233e,14,False,[2835],ferdf,37
6238b37c5233e,14,False,[3130],erdc,26
6238b37c5233e,20,False,[3881],zrcf,8
6238b37c5233e,17,False,[6171],fbrdf,29
6238b37c5233e,16,False,[2770],brdc,1
6238b37c5233e,18,False,[3818],brcf,24
6238b37c5233e,19,False,[5089],fbrcf,29
6238b37c5233e,20,False,[3594],ferdf,33
6238b37c5233e,20,False,[3561],zrdc,23
6238b37c5233e,20,False,[3968],fbrdc,33
6238b37c5233e,20,False,[2475],erdc,15
6238b37c5233e,20,False,[2882],erdc,1
6238b37c5233e,20,False,[4697],ercf,21
6238b37c5233e,20,False,[3139],ferdf,35
6238b37c5233e,20,False,[3563],fercf,33
6238b37c5233e,20,False,[3218],ferdc,29
6238b37c5233e,20,False,[4849],brcf,16
6238b37c5233e,20,False,[8069],brcf,21
6238b37c5233e,82,False,[5448],fzrdc,30
6238b37c5233e,23,False,[4369],fbrcf,30
6238b37c5233e,-1,False,[16777],fbrcf,38
6238b37c5233e,70,False,[7859],fercf,28
6238b37c5233e,20,False,[6986],brdc,18
6238b37c5233e,85,False,[3701],fzrdc,38
6238b37c5233e,19,False,[2426],erdf,3
6238b37c5233e,17,False,[3298],fbrdc,32
6238b37c5233e,17,False,[2754],fbrdf,32
6238b37c5233e,-1,False,[3667],fbrcf,35
6238b37c5233e,16,False,[3682],zrcf,10
6238b37c5233e,18,False,[3234],fercf,38
6238b37c5233e,84,False,[3948],fzrdc,29
6238b37c5233e,12,False,[3647],ferdc,31
6238b37c5233e,12,False,[4295],fzrcf,28
6238b37c5233e,12,False,[2915],zrdf,11
6238b37c5233e,20,False,[3745],zrdc,26
6238b37c5233e,-1,False,[4698],fbrdc,37
6238b37c5233e,-1,False,[5035],fbrcf,37
6238b37c5233e,16,False,[4228],ferdc,30
6238b37c5233e,16,False,[12634],brcf,5
6238b37c5233e,83,False,[13962],brcf,13
6238b37c5233e,12,False,[3121],ercf,8
6238b37c5233e,81,False,[4626],fzrdc,37
6238b37c5233e,14,False,[7055],fbrdc,28
6238b37c5233e,90,False,[9115],zrcf,13
6238b37c5233e,95,False,[4236],ferdc,32
6238b37c5233e,-1,False,[5147],fzrcf,38
6238b37c5233e,94,False,[5944],zrcf,24
6238b37c5233e,14,False,[3891],zrdc,18
6238b37c5233e,14,False,[2810],ferdc,36
6238b37c5233e,8,False,[2402],ferdc,28
6238b37c5233e,8,False,[3380],brdf,19
6238b37c5233e,10,False,[3314],brdf,17
6238b37c5233e,7,False,[2353],zrdc,12
6238b37c5233e,7,False,[2570],erdf,11
6238b37c5233e,-1,False,[4666],fbrdc,36
6238b37c5233e,5,False,[2570],zrdf,25
6238b37c5233e,5,False,[6477],fbrcf,28
6238b37c5233e,7,False,[4090],fbrcf,32
6238b37c5233e,7,False,[3370],zrdf,17
6238b37c5233e,14,False,[4087],erdf,9
6238b37c5233e,12,False,[4594],fbrdf,31
6238b37c5233e,12,False,[6746],fbrcf,31
6238b37c5233e,11,False,[4200],ferdc,33
6238b37c5233e,11,False,[4667],ercf,16
6238b37c5233e,11,False,[13407],zrcf,16
6238b37c5233e,10,False,[6937],zrdc,7
6238b37c5233e,10,False,[3803],ercf,27
6238b37c5233e,91,False,[7626],fzrcf,32
6238b37c5233e,13,False,[4267],ercf,2
6238b4f7b8837,0,False,[9473],fzrcf,30
6238b4f7b8837,0,False,[8671],brdf,27
6238b4f7b8837,0,False,[7410],ferdc,36
6238b4f7b8837,0,False,[7463],ferdc,33
6238b4f7b8837,0,False,[12763],brdf,13
6238b4f7b8837,0,False,[5816],ferdc,38
6238b4f7b8837,100,False,[6600],fzrcf,35
6238b4f7b8837,0,False,[9340],brdf,16
6238b4f7b8837,100,False,[9040],fzrdc,33
6238b4f7b8837,100,False,[4261],fzrdc,37
6238b4f7b8837,0,False,[4596],zrdf,5
6238b4f7b8837,0,False,[8606],fzrdf,28
6238b4f7b8837,0,False,[5492],fbrcf,28
6238b4f7b8837,0,False,[8487],brcf,7
6238b4f7b8837,0,False,[9229],ferdf,36
6238b4f7b8837,0,False,[5739],fbrdc,29
6238b4f7b8837,0,False,[5594],fbrdf,33
6238b4f7b8837,0,False,[6938],brdc,17
6238b4f7b8837,0,False,[8268],fzrcf,32
6238b4f7b8837,0,False,[9315],fbrdc,28
6238b4f7b8837,0,False,[9851],zrcf,20
6238b4f7b8837,0,False,[10901],ercf,1
6238b4f7b8837,0,False,[6322],ferdf,33
6238b4f7b8837,0,False,[6377],fzrdc,28
6238b4f7b8837,0,False,[6019],erdf,13
6238b4f7b8837,0,False,[5909],ferdf,34
6238b4f7b8837,0,False,[5688],fercf,31
6238b4f7b8837,0,False,[7988],brdf,24
6238b4f7b8837,0,False,[8394],erdc,14
6238b4f7b8837,0,False,[5955],zrdc,14
6238b4f7b8837,0,False,[11537],erdc,22
6238b4f7b8837,0,False,[6109],erdc,11
6238b4f7b8837,0,False,[7655],ercf,7
6238b4f7b8837,0,False,[6618],erdc,3
6238b4f7b8837,0,False,[6345],brcf,20
6238b4f7b8837,0,False,[11397],zrdf,24
6238b4f7b8837,0,False,[4914],erdf,21
6238b4f7b8837,0,False,[6997],brcf,18
6238b4f7b8837,0,False,[3748],erdf,5
6238b4f7b8837,0,False,[3218],zrdf,8
6238b4f7b8837,0,False,[4271],brcf,15
6238b4f7b8837,0,False,[4234],brdc,22
6238b4f7b8837,0,False,[5428],erdc,9
6238b4f7b8837,0,False,[5529],brdc,19
6238b4f7b8837,0,False,[4373],ferdf,30
6238b4f7b8837,0,False,[4200],fbrdf,28
6238b4f7b8837,0,False,[4017],zrdf,2
6238b4f7b8837,0,False,[4660],fzrdf,29
6238b4f7b8837,0,False,[4619],brdf,5
6238b4f7b8837,0,False,[5245],fbrcf,31
6238b4f7b8837,0,False,[3501],ferdc,32
6238b4f7b8837,0,False,[4398],brdc,14
6238b4f7b8837,0,False,[3300],ferdc,37
6238b4f7b8837,-1,False,[11416],fbrdf,38
6238b4f7b8837,0,False,[7798],fercf,37
6238b4f7b8837,0,False,[7911],zrdc,6
6238b4f7b8837,100,False,[3666],fzrdf,37
6238b4f7b8837,-1,False,[10808],fbrdc,36
6238b4f7b8837,0,False,[6795],fbrcf,33
6238b4f7b8837,100,False,[6744],fzrdf,36
6238b4f7b8837,0,False,[4374],ercf,18
6238b4f7b8837,0,False,[4949],zrdc,19
6238b4f7b8837,0,False,[7148],zrcf,7
6238b4f7b8837,0,False,[6093],fercf,33
6238b4f7b8837,100,False,[5143],fzrdc,34
6238b4f7b8837,100,False,[5902],ercf,15
6238b4f7b8837,100,False,[6404],fzrdc,38
6238b4f7b8837,0,False,[7451],zrdf,13
6238b4f7b8837,0,False,[5926],ferdf,35
6238b4f7b8837,0,False,[11171],zrcf,12
6238b4f7b8837,0,False,[6299],zrdc,9
6238b4f7b8837,0,False,[7020],erdf,2
6238b4f7b8837,0,False,[6331],zrdf,27
6238b4f7b8837,0,False,[5372],zrcf,18
6238b4f7b8837,100,False,[5701],fzrdc,36
6238b4f7b8837,-1,False,[12567],fbrdf,37
6238b4f7b8837,0,False,[7952],ferdf,28
6238b4f7b8837,0,False,[5346],ferdc,28
6238b4f7b8837,-1,False,[7554],fbrdc,37
6238b4f7b8837,0,False,[13133],brcf,26
6238b4f7b8837,100,False,[5493],fzrdf,34
6238b4f7b8837,0,False,[5424],fercf,32
6238b4f7b8837,0,False,[7141],ercf,26
6238b4f7b8837,0,False,[7445],zrcf,23
6238b4f7b8837,0,False,[8192],fbrcf,29
6238b4f7b8837,-1,False,[7457],fbrdc,34
6238b4f7b8837,0,False,[8971],ferdf,38
6238b4f7b8837,0,False,[10382],fzrdf,33
6238b4f7b8837,0,False,[9944],zrdc,3
6238b4f7b8837,0,False,[5830],erdc,17
6238b4f7b8837,0,False,[5432],ercf,12
6238b4f7b8837,0,False,[4845],zrcf,26
6238b4f7b8837,0,False,[4287],brdc,25
6238b4f7b8837,0,False,[6166],zrcf,1
6238b4f7b8837,0,False,[5879],fbrcf,32
6238b4f7b8837,0,False,[9244],brcf,1
6238b4f7b8837,0,False,[4523],fzrdf,30
6238b4f7b8837,0,False,[5000],fzrdf,32
6238b4f7b8837,-1,False,[6186],brdf,8
6238b4f7b8837,0,False,[4412],erdf,27
6238b4f7b8837,0,False,[11143],fzrcf,31
6238b4f7b8837,0,False,[4552],zrdf,16
6238b4f7b8837,100,False,[3526],fzrcf,37
6238b4f7b8837,0,False,[4673],brdc,9
6238b4f7b8837,0,False,[2822],erdc,19
6238b4f7b8837,-1,False,[7582],fbrcf,38
6238b4f7b8837,0,False,[4639],zrcf,15
6238b4f7b8837,0,False,[3254],zrdf,10
6238b4f7b8837,0,False,[3185],fzrcf,28
6238b4f7b8837,0,False,[3624],zrdf,21
6238b4f7b8837,0,False,[4293],brdf,10
6238b4f7b8837,-1,False,[6595],fbrdf,34
6238b4f7b8837,0,False,[4451],ercf,4
6238b4f7b8837,-1,False,[5683],fbrcf,37
6238b4f7b8837,0,False,[5441],brcf,23
6238b4f7b8837,0,False,[6229],fzrdc,30
6238b4f7b8837,0,False,[4772],fercf,28
6238b4f7b8837,0,False,[3831],fbrdc,30
6238b4f7b8837,0,False,[4352],erdf,16
6238b4f7b8837,0,False,[3220],ercf,20
6238b4f7b8837,0,False,[2221],fbrdf,29
6238b4f7b8837,0,False,[2716],brdc,6
6238b4f7b8837,0,False,[2651],brdf,2
6238b4f7b8837,0,False,[3594],fbrdc,32
6238b4f7b8837,0,False,[3836],fzrdc,29
6238b4f7b8837,100,False,[3540],fzrcf,36
6238b4f7b8837,0,False,[9417],erdf,8
6238b4f7b8837,0,False,[3183],fzrdc,32
6238b4f7b8837,0,False,[3287],ferdc,31
6238b4f7b8837,0,False,[3200],ferdf,32
6238b4f7b8837,100,False,[3859],fzrcf,34
6238b4f7b8837,0,False,[3495],fzrdf,31
6238b4f7b8837,0,False,[2611],erdc,6
6238b4f7b8837,0,False,[3475],fbrdc,33
6238b4f7b8837,0,False,[4301],fbrdf,31
6238b4f7b8837,0,False,[5523],brdc,3
6238b4f7b8837,0,False,[3698],fbrdf,32
6238b4f7b8837,0,False,[4705],ferdc,35
6238b4f7b8837,0,False,[2499],ferdc,29
6238b4f7b8837,-1,False,[5813],fbrdf,36
6238b4f7b8837,0,False,[4525],ercf,23
6238b4f7b8837,-1,False,[6883],fbrcf,36
6238b4f7b8837,0,False,[6259],fercf,38
6238b4f7b8837,0,False,[5275],fercf,30
6238b4f7b8837,0,False,[6726],ferdc,30
6238b4f7b8837,0,False,[6368],brcf,4
6238b4f7b8837,0,False,[5071],brcf,12
6238b4f7b8837,0,False,[6439],zrdc,25
6238b4f7b8837,0,False,[4458],ferdf,37
6238b4f7b8837,0,False,[4480],zrdc,22
6238b4f7b8837,0,False,[4487],fbrdf,30
6238b4f7b8837,100,False,[4458],fzrdc,35
6238b4f7b8837,0,False,[5030],fercf,36
6238b4f7b8837,-1,False,[7611],fbrcf,34
6238b4f7b8837,0,False,[5263],fzrcf,29
6238b4f7b8837,0,False,[5567],erdf,10
6238b4f7b8837,-1,False,[6431],fbrcf,35
6238b4f7b8837,0,False,[4361],fercf,29
6238b4f7b8837,0,False,[4907],fzrcf,33
6238b4f7b8837,100,False,[4296],fzrdf,38
6238b4f7b8837,0,False,[4221],fercf,34
6238b4f7b8837,0,False,[7516],ferdf,29
6238b4f7b8837,100,False,[5853],fzrdf,35
6238b4f7b8837,0,False,[5675],fzrdc,31
6238b4f7b8837,-1,False,[6937],fbrdc,35
6238b4f7b8837,0,False,[4795],zrcf,4
6238b4f7b8837,0,False,[5085],fercf,35
6238b4f7b8837,0,False,[4010],erdf,24
6238b4f7b8837,-1,False,[5224],fzrcf,38
6238b4f7b8837,0,False,[4643],brdc,11
6238b4f7b8837,100,False,[5945],brdf,21
6238b4f7b8837,0,False,[5343],fbrdc,31
6238b4f7b8837,0,False,[4817],zrdc,17
6238b4f7b8837,-1,False,[7298],fbrdf,35
6238b4f7b8837,0,False,[5102],erdc,25
6238b4f7b8837,-1,False,[11861],fbrdc,38
6238b4f7b8837,0,False,[4467],zrdc,11
6238b4f7b8837,0,False,[3438],ferdc,34
6238b4f7b8837,0,False,[5498],fbrcf,30
6238b4f7b8837,0,False,[3146],ferdf,31
6238b5c185bda,0,False,[6630],fbrcf,32
6238b5c185bda,0,False,[6700],erdf,1
6238b5c185bda,100,False,[3757],fzrdc,34
6238b5c185bda,100,False,[4780],fzrdf,37
6238b5c185bda,100,False,[7173],brcf,11
6238b5c185bda,50,False,[12044],fbrcf,34
6238b5c185bda,81,False,[9861],fercf,32
6238b5c185bda,100,False,[3725],fzrdf,35
6238b5c185bda,0,False,[5468],ferdc,31
6238b5c185bda,0,False,[3205],fercf,38
6238b5c185bda,0,False,[5040],erdf,4
6238b5c185bda,0,False,[4011],erdf,15
6238b5c185bda,4,False,[7437],zrdf,23
6238b5c185bda,0,False,[6012],zrcf,9
6238b5c185bda,0,False,[4108],zrdf,20
6238b5c185bda,0,False,[4178],brcf,14
6238b5c185bda,0,False,[4622],zrdc,27
6238b5c185bda,0,False,[10160],erdc,5
6238b5c185bda,0,False,[5841],erdf,18
6238b5c185bda,1,False,[4997],zrdf,4
6238b5c185bda,0,False,[4915],fbrdc,30
6238b5c185bda,0,False,[5274],ferdf,33
6238b5c185bda,0,False,[7786],brdc,13
6238b5c185bda,0,False,[6061],ferdf,34
6238b5c185bda,0,False,[3325],ferdf,35
6238b5c185bda,0,False,[7796],brcf,9
6238b5c185bda,100,False,[4035],fzrdc,31
6238b5c185bda,0,False,[7221],brdc,5
6238b5c185bda,0,False,[3331],zrdc,21
6238b5c185bda,0,False,[6221],erdf,23
6238b5c185bda,0,False,[5252],zrdc,13
6238b5c185bda,0,False,[10053],erdf,20
6238b5c185bda,100,False,[4253],fercf,28
6238b5c185bda,0,False,[3709],zrdc,24
6238b5c185bda,0,False,[3165],fbrdf,30
6238b5c185bda,0,False,[4675],fbrdf,32
6238b5c185bda,0,False,[2692],erdf,7
6238b5c185bda,0,False,[5229],fbrdc,31
6238b5c185bda,0,False,[7003],zrcf,19
6238b5c185bda,0,False,[5892],brdf,20
6238b5c185bda,14,False,[5315],brdf,15
6238b5c185bda,100,False,[3657],fzrdf,38
6238b5c185bda,0,False,[3747],ferdf,36
6238b5c185bda,100,False,[4609],fbrdc,38
6238b5c185bda,14,False,[4739],erdc,24
6238b5c185bda,0,False,[4529],ferdf,29
6238b5c185bda,0,False,[3893],brdf,26
6238b5c185bda,0,False,[5244],fbrdf,31
6238b5c185bda,0,False,[5334],fercf,35
6238b5c185bda,0,False,[6674],brcf,22
6238b5c185bda,0,False,[3910],ercf,9
6238b5c185bda,-1,False,[12913],fbrdf,35
6238b5c185bda,0,False,[3626],fercf,36
6238b5c185bda,0,False,[3727],zrdc,16
6238b5c185bda,0,False,[3966],ercf,11
6238b5c185bda,-1,False,[10246],fbrdc,33
6238b5c185bda,100,False,[4878],fzrdc,28
6238b5c185bda,100,False,[5301],fzrcf,29
6238b5c185bda,0,False,[4756],ercf,6
6238b5c185bda,-1,False,[7056],fzrcf,38
6238b5c185bda,0,False,[3214],fbrdc,32
6238b5c185bda,100,False,[6503],fzrdc,32
6238b5c185bda,0,False,[6650],ercf,17
6238b5c185bda,0,False,[5101],erdc,10
6238b5c185bda,0,False,[3275],brdc,16
6238b5c185bda,0,False,[2774],ferdc,29
6238b5c185bda,0,False,[4699],zrcf,6
6238b5c185bda,0,False,[2777],zrdc,2
6238b5c185bda,0,False,[6123],fercf,37
6238b5c185bda,0,False,[4235],fbrcf,30
6238b5c185bda,100,False,[5214],fzrdf,30
6238b5c185bda,0,False,[6157],zrdf,18
6238b5c185bda,0,False,[4466],erdf,12
6238b5c185bda,0,False,[6817],zrdf,7
6238b5c185bda,-1,False,[60257],fbrdc,36
6238b5c185bda,100,False,[10990],zrcf,14
6238b5c185bda,100,False,[3484],fzrdc,37
6238b5c185bda,0,False,[5715],ferdc,36
6238b5c185bda,0,False,[4748],ferdc,38
6238b5c185bda,100,False,[6940],fzrdc,38
6238b5c185bda,100,False,[5519],fzrdc,29
6238b5c185bda,2,False,[6132],brdf,7
6238b5c185bda,100,False,[4835],fzrdf,34
6238b5c185bda,0,False,[3417],brcf,19
6238b5c185bda,14,False,[3889],zrdc,5
6238b5c185bda,100,False,[3485],fzrcf,34
6238b5c185bda,-1,False,[5684],fbrcf,35
6238b5c185bda,0,False,[3154],zrcf,11
6238b5c185bda,31,False,[6738],erdc,21
6238b5c185bda,0,False,[6325],fbrdf,29
6238b5c185bda,0,False,[4806],erdc,27
6238b5c185bda,-1,False,[4833],fbrcf,37
6238b5c185bda,0,False,[4264],ferdc,34
6238b5c185bda,100,False,[3795],fzrdf,36
6238b5c185bda,100,False,[5220],fzrcf,32
6238b5c185bda,0,False,[5986],brdc,21
6238b5c185bda,0,False,[5593],fercf,29
6238b5c185bda,0,False,[4627],brdc,27
6238b5c185bda,0,False,[5053],brdf,1
6238b5c185bda,0,False,[4973],fbrdc,28
6238b5c185bda,0,False,[4857],fercf,33
6238b5c185bda,0,False,[6289],zrdc,8
6238b5c185bda,0,False,[8511],ferdc,28
6238b5c185bda,100,False,[15769],fzrcf,31
6238b5c185bda,100,False,[14817],fzrdf,32
6238b5c185bda,0,False,[6930],fbrdc,29
6238b5c185bda,100,False,[4127],fercf,30
6238b5c185bda,-1,False,[8427],fbrdc,34
6238b5c185bda,0,False,[3817],fzrdf,29
6238b5c185bda,0,False,[5084],fercf,31
6238b5c185bda,0,False,[4203],ferdf,31
6238b5c185bda,0,False,[4239],erdf,26
6238b5c185bda,26,False,[7664],brdc,2
6238b5c185bda,33,False,[12019],ercf,14
6238b5c185bda,-1,False,[7975],fbrdf,36
6238b5c185bda,22,False,[7809],zrdc,10
6238b5c185bda,100,False,[7800],fzrcf,36
6238b5c185bda,100,False,[39259],fzrdc,33
6238b5c185bda,0,False,[5912],ferdc,35
6238b5c185bda,-1,False,[7555],fbrdf,38
6238b5c185bda,25,False,[10595],erdc,13
6238b5c185bda,-1,False,[13939],fbrcf,36
6238b5c185bda,90,False,[11853],brdf,23
6238b5c185bda,14,False,[8627],fbrcf,28
6238b5c185bda,0,False,[5905],ferdc,37
6238b5c185bda,29,False,[8478],erdc,8
6238b5c185bda,84,False,[7496],brdc,8
6238b5c185bda,-1,False,[6179],fbrdc,35
6238b5c185bda,100,False,[3869],fzrdf,33
6238b5c185bda,0,False,[6961],fbrdf,33
6238b5c185bda,0,False,[6310],fbrcf,31
6238b5c185bda,79,False,[7013],brdf,18
6238b5c185bda,0,False,[3512],fercf,34
6238b5c185bda,100,False,[4228],fzrcf,33
6238b5c185bda,0,False,[3917],fbrdf,28
6238b5c185bda,100,False,[3142],fzrdc,30
6238b5c185bda,20,False,[3698],ercf,25
6238b5c185bda,25,False,[4394],brcf,25
6238b5c185bda,100,False,[3675],fzrdf,31
6238b5c185bda,100,False,[6105],ferdf,30
6238b5c185bda,0,False,[4467],brdf,12
6238b5c185bda,100,False,[4802],fzrdc,36
6238b5c185bda,-1,False,[6711],fbrdf,34
6238b5c185bda,0,False,[3996],zrdf,26
6238b5c185bda,100,False,[4221],ferdc,30
6238b5c185bda,30,False,[4080],zrcf,3
6238b5c185bda,-1,False,[4232],fbrcf,38
6238b5c185bda,0,False,[3769],brdc,24
6238b5c185bda,0,False,[3368],brdf,4
6238b5c185bda,6,False,[4508],erdc,16
6238b5c185bda,100,False,[3771],fzrcf,37
6238b5c185bda,0,False,[3340],ferdf,37
6238b5c185bda,100,False,[5478],ferdf,32
6238b5c185bda,21,False,[3696],brcf,3
6238b5c185bda,100,False,[5142],ferdf,28
6238b5c185bda,100,False,[3041],ferdc,32
6238b5c185bda,25,False,[4500],brdc,10
6238b5c185bda,21,False,[4163],zrcf,22
6238b5c185bda,72,False,[4103],ercf,19
6238b5c185bda,26,False,[4767],zrdf,1
6238b5c185bda,100,False,[2802],fzrdc,35
6238b5c185bda,100,False,[3293],fzrcf,28
6238b5c185bda,0,False,[4048],ferdf,38
6238b5c185bda,24,False,[4488],erdc,2
6238b5c185bda,0,False,[5600],fbrcf,33
6238b5c185bda,0,False,[3914],zrdf,15
6238b5c185bda,100,False,[3704],fzrcf,35
6238b5c185bda,16,False,[4082],ercf,3
6238b5c185bda,0,False,[3745],zrdf,12
6238b5c185bda,17,False,[2918],zrcf,17
6238b5c185bda,77,False,[4502],ercf,22
6238b5c185bda,100,False,[5364],fzrdf,28
6238b5c185bda,17,False,[3885],brcf,17
6238b5c185bda,-1,False,[4410],fbrdc,37
6238b5c185bda,100,False,[3609],fbrdf,37
6238b5c185bda,0,False,[4912],ferdc,33
6238b5c185bda,0,False,[4840],fbrcf,29
6238b5c185bda,0,False,[4572],zrcf,25
6238b5c185bda,0,False,[3416],brcf,6
6238b5c185bda,100,False,[5572],fzrcf,30
6238b6e7d9678,-1,False,[12051],fbrcf,38
6238b6e7d9678,88,False,[15874],fbrdf,32
6238b6e7d9678,0,False,[8745],fzrcf,28
6238b6e7d9678,22,False,[10368],zrdc,24
6238b6e7d9678,0,False,[6610],fzrdc,36
6238b6e7d9678,89,False,[9992],ferdf,36
6238b6e7d9678,65,False,[15204],erdf,7
6238b6e7d9678,18,False,[8134],zrcf,25
6238b6e7d9678,100,False,[9511],ferdc,33
6238b6e7d9678,91,False,[8175],fbrdf,33
6238b6e7d9678,-1,False,[10806],fbrdc,37
6238b6e7d9678,0,False,[9070],zrdf,18
6238b6e7d9678,-1,False,[8224],fbrcf,34
6238b6e7d9678,0,False,[5217],fzrdc,38
6238b6e7d9678,17,False,[10012],zrdc,16
6238b6e7d9678,22,False,[6776],ferdf,30
6238b6e7d9678,9,False,[12511],zrcf,22
6238b6e7d9678,87,False,[10544],fercf,33
6238b6e7d9678,91,False,[7733],ferdc,35
6238b6e7d9678,86,False,[10264],erdc,13
6238b6e7d9678,20,False,[9081],brcf,19
6238b6e7d9678,15,False,[6596],fzrdf,31
6238b6e7d9678,89,False,[6586],fbrdc,36
6238b6e7d9678,34,False,[7620],fercf,28
6238b6e7d9678,86,False,[10501],erdf,23
6238b6e7d9678,12,False,[8661],fzrcf,32
6238b6e7d9678,100,False,[5418],ferdf,33
6238b6e7d9678,-1,False,[9888],fbrcf,35
6238b6e7d9678,100,False,[5785],ferdc,38
6238b6e7d9678,81,False,[7216],erdc,16
6238b6e7d9678,50,False,"[16384, 22674]",brdc,8
6238b6e7d9678,83,False,[15546],erdf,4
6238b6e7d9678,29,False,[21679],ferdc,32
6238b6e7d9678,-1,False,[17339],fbrdf,28
6238b6e7d9678,0,False,[6060],zrdc,10
6238b6e7d9678,86,False,[9413],ferdf,29
6238b6e7d9678,100,False,[13786],fbrcf,31
6238b6e7d9678,-1,False,[7777],fbrcf,36
6238b6e7d9678,24,False,[5793],zrdc,8
6238b6e7d9678,100,False,[6962],ferdf,34
6238b6e7d9678,85,False,[12922],erdc,2
6238b6e7d9678,100,False,[6747],fercf,37
6238b6e7d9678,-1,False,[16282],fbrdc,32
6238b6e7d9678,51,False,[9701],brdc,2
6238b6e7d9678,-1,False,[15198],fbrdc,28
6238b6e7d9678,13,False,[7543],zrcf,6
6238b6e7d9678,25,False,[14512],fzrcf,33
6238b6e7d9678,13,False,[15456],zrdc,13
6238b6e7d9678,100,False,[10139],fbrdc,33
6238b6e7d9678,84,False,[10067],erdf,15
6238b6e7d9678,13,False,[8009],zrdc,27
6238b6e7d9678,84,False,[6959],erdc,10
6238b6e7d9678,25,False,[15722],fercf,30
6238b6e7d9678,0,False,[9563],fzrdf,38
6238b6e7d9678,-1,False,[9875],brdc,5
6238b6e7d9678,25,False,[7228],zrdf,20
6238b6e7d9678,16,False,[7982],zrcf,19
6238b6e7d9678,0,False,[6539],fzrcf,34
6238b6e7d9678,-1,False,[9534],fbrdf,36
6238b6e7d9678,100,False,[8866],fbrdf,30
6238b6e7d9678,21,False,[9229],ferdc,28
6238b6e7d9678,80,False,[7591],ercf,19
6238b6e7d9678,86,False,[7589],erdc,8
6238b6e7d9678,100,False,[8289],fbrcf,30
6238b6e7d9678,50,False,[14235],brdf,23
6238b6e7d9678,49,False,[14718],brdf,7
6238b6e7d9678,49,False,[12276],brcf,6
6238b6e7d9678,80,False,[6938],ercf,17
6238b6e7d9678,14,False,[6501],zrdc,2
6238b6e7d9678,21,False,[7726],zrcf,17
6238b6e7d9678,82,False,[10111],ercf,9
6238b6e7d9678,0,False,[6775],fzrdf,35
6238b6e7d9678,100,False,[4990],ferdc,37
6238b6e7d9678,17,False,[10109],zrcf,9
6238b6e7d9678,22,False,[9692],fzrcf,30
6238b6e7d9678,66,False,[12728],brdf,20
6238b6e7d9678,85,False,[7391],erdc,21
6238b6e7d9678,100,False,[7789],ferdf,35
6238b6e7d9678,15,False,[9347],fzrcf,31
6238b6e7d9678,62,False,[21162],erdf,20
6238b6e7d9678,25,False,[8922],fzrdf,33
6238b6e7d9678,77,False,[6567],ercf,22
6238b6e7d9678,82,False,[7576],erdc,24
6238b6e7d9678,21,False,[10051],zrdf,4
6238b6e7d9678,100,False,[9052],fbrcf,33
6238b6e7d9678,-1,False,[8123],fbrdf,37
6238b6e7d9678,18,False,[8584],fzrdc,31
6238b6e7d9678,16,False,[5960],fzrdf,37
6238b6e7d9678,17,False,[8399],zrdf,12
6238b6e7d9678,100,False,[9174],fbrdc,29
6238b6e7d9678,16,False,[9088],fzrdc,28
6238b6e7d9678,-1,False,[10474],fbrdc,35
6238b6e7d9678,-1,False,[6010],fbrcf,37
6238b6e7d9678,49,False,[9133],brcf,22
6238b6e7d9678,100,False,[20875],ferdc,29
6238b6e7d9678,100,False,[5196],ferdc,34
6238b6e7d9678,-1,False,[9355],fbrdf,38
6238b6e7d9678,78,False,[10077],brdf,12
6238b6e7d9678,49,False,[8488],brdf,15
6238b6e7d9678,82,False,[6872],ercf,14
6238b6e7d9678,17,False,[6212],fzrdf,28
6238b6e7d9678,84,False,[5690],ferdf,31
6238b6e7d9678,100,False,[5739],fercf,36
6238b6e7d9678,100,False,[5169],fercf,38
6238b6e7d9678,18,False,[5221],fzrdc,33
6238b6e7d9678,49,False,[12649],brdf,4
6238b6e7d9678,82,False,[5831],ercf,6
6238b6e7d9678,48,False,[8481],brcf,9
6238b6e7d9678,22,False,[8397],fercf,32
6238b6e7d9678,49,False,[8074],brdc,24
6238b6e7d9678,0,False,[5946],fzrcf,37
6238b6e7d9678,49,False,[15855],brdf,18
6238b6e7d9678,81,False,[6790],erdc,5
6238b6e7d9678,83,False,[6191],ercf,25
6238b6e7d9678,100,False,[5902],ferdf,37
6238b6e7d9678,0,False,[6617],fzrdf,36
6238b6e7d9678,100,False,[9039],fbrcf,32
6238b6e7d9678,49,False,[10906],brdc,21
6238b6e7d9678,86,False,[10040],erdf,26
6238b6e7d9678,12,False,[8524],fzrcf,29
6238b6e7d9678,16,False,[5982],fzrdc,32
6238b6e7d9678,-1,False,[12273],fbrdf,34
6238b6e7d9678,86,False,[6638],ercf,3
6238b6e7d9678,12,False,[9673],zrdf,1
6238b6e7d9678,0,False,[6386],fzrcf,36
6238b6e7d9678,12,False,[5696],zrdf,23
6238b6e7d9678,16,False,[7186],ferdf,28
6238b6e7d9678,15,False,[6822],fzrdf,30
6238b6e7d9678,16,False,[8112],zrdf,7
6238b6e7d9678,60,False,[12852],erdf,1
6238b6e7d9678,49,False,[11067],brcf,11
6238b6e7d9678,-1,False,[20025],ferdc,30
6238b6e7d9678,79,False,[17879],erdf,18
6238b6e7d9678,100,False,[10312],ferdc,36
6238b6e7d9678,100,False,[10518],fbrdc,31
6238b6e7d9678,74,False,[8205],brdc,10
6238b6e7d9678,81,False,[7688],ercf,11
6238b6e7d9678,13,False,[6371],fzrdf,32
6238b6e7d9678,100,False,[7814],fercf,31
6238b6e7d9678,0,False,[4462],fzrdc,37
6238b6e7d9678,96,False,[8300],fbrdf,29
6238b6e7d9678,20,False,[8717],zrcf,11
6238b6e7d9678,100,False,[7779],fbrcf,29
6238b6e7d9678,100,False,[6382],fercf,29
6238b6e7d9678,77,False,[9235],erdf,12
6238b6e7d9678,0,False,[6093],fzrdf,34
6238b6e7d9678,51,False,[10598],brdc,16
6238b6e7d9678,100,False,[9327],brdc,27
6238b6e7d9678,100,False,[7660],fbrcf,28
6238b6e7d9678,20,False,[9003],zrdf,15
6238b6e7d9678,-1,False,[14611],fbrdc,38
6238b6e7d9678,49,False,[8981],brcf,17
6238b6e7d9678,0,False,[5397],fzrdc,35
6238b6e7d9678,51,False,[11435],brdf,26
6238b6e7d9678,50,False,[9094],brcf,25
6238b6e7d9678,-1,False,[15761],fbrdf,35
6238b6e7d9678,49,False,[6920],brcf,3
6238b6e7d9678,51,False,[23812],brdc,13
6238b6e7d9678,13,False,[6168],fzrdc,30
6238b6e7d9678,12,False,[11810],ferdf,32
6238b6e7d9678,0,False,[5606],fzrdc,34
6238b6e7d9678,-1,False,[29830],fzrcf,38
6238b6e7d9678,100,False,[10968],fbrdf,31
6238b6e7d9678,49,False,[7160],brdf,1
6238b6e7d9678,100,False,[4466],fercf,34
6238b6e7d9678,13,False,[7845],fzrdf,29
6238b6e7d9678,80,False,[6902],erdc,27
6238b6e7d9678,-1,False,[7769],fbrdc,34
6238b6e7d9678,14,False,[7992],zrdc,21
6238b6e7d9678,49,False,[9092],brcf,14
6238b6e7d9678,14,False,[7627],zrdf,26
6238b6e7d9678,100,False,[6562],ferdc,31
6238b6e7d9678,100,False,[6427],fbrdc,30
6238b6e7d9678,16,False,[6842],zrcf,3
6238b6e7d9678,100,False,[6548],ferdf,38
6238b6e7d9678,13,False,[6780],zrdc,5
6238b6e7d9678,13,False,[8165],zrcf,14
6238b6e7d9678,11,False,[6936],fzrdc,29
6238b6e7d9678,0,False,[8892],fzrcf,35
6238b6e7d9678,100,False,[5386],fercf,35
6238bfd74ea94,100,False,[6405],erdf,8
6238bfd74ea94,100,False,[5838],brdf,5
6238bfd74ea94,0,False,[6035],fzrdc,35
6238bfd74ea94,-1,False,[3861],ferdc,32
6238bfd74ea94,-1,False,[13186],ferdf,31
6238bfd74ea94,0,False,[5300],zrcf,23
6238bfd74ea94,-1,False,[19135],fbrcf,36
6238bfd74ea94,0,False,[18184],zrdc,25
6238bfd74ea94,100,False,[4683],fbrcf,32
6238bfd74ea94,100,False,[2155],fzrdc,29
6238bfd74ea94,100,False,[3377],erdf,10
6238bfd74ea94,0,False,[3715],fzrdf,32
6238bfd74ea94,0,False,[6278],fzrcf,33
6238bfd74ea94,-1,False,[27830],fbrdc,35
6238bfd74ea94,0,False,[6667],brdc,22
6238bfd74ea94,0,False,[2992],zrdc,17
6238bfd74ea94,100,False,[2215],fbrdc,28
6238bfd74ea94,100,False,[3602],erdf,16
6238bfd74ea94,-1,False,[2973],fzrdf,34
6238bfd74ea94,-1,False,[5944],erdc,14
6238bfd74ea94,-1,False,[6719],fbrdc,37
6238bfd74ea94,0,False,[3531],zrcf,12
6238bfd74ea94,98,False,[5358],ferdc,35
6238bfd74ea94,2,False,[3836],brcf,15
6238bfd74ea94,100,False,[2920],fercf,34
6238bfd74ea94,98,False,[2380],zrcf,7
6238bfd74ea94,0,False,[3417],fzrcf,34
6238bfd74ea94,0,False,[2441],brdf,21
6238bfd74ea94,0,False,[1975],fbrdc,34
6238bfd74ea94,-1,False,[3967],erdf,13
6238bfd74ea94,0,False,[7558],fzrcf,36
6238bfd74ea94,100,False,[3606],zrdf,10
6238bfd74ea94,94,False,[2403],fzrdf,28
6238bfd74ea94,0,False,[4243],fzrcf,38
6238bfd74ea94,0,False,[4964],zrdc,9
6238bfd74ea94,95,False,[2963],zrdf,8
6238bfd74ea94,0,False,[2513],fzrdf,36
6238bfd74ea94,0,False,[4103],ercf,7
6238bfd74ea94,0,False,[1391],ferdf,30
6238bfd74ea94,100,False,[1851],ercf,23
6238bfd74ea94,-1,False,[4031],fbrdf,34
6238bfd74ea94,0,False,[1636],zrcf,1
6238bfd74ea94,100,False,[4935],fbrdf,31
6238bfd74ea94,100,False,[3215],ferdc,36
6238bfd74ea94,100,False,[3363],brcf,7
6238bfd74ea94,85,False,"[3566, 4481]",fzrdc,38
6238bfd74ea94,100,False,[6224],ferdf,35
6238bfd74ea94,0,False,"[4132, 4961]",fzrcf,28
6238bfd74ea94,0,False,[1736],erdf,21
6238bfd74ea94,12,False,[1863],zrdf,5
6238bfd74ea94,12,False,[1251],fbrdf,38
6238bfd74ea94,7,False,[3722],fzrdf,29
6238bfd74ea94,12,False,[2507],brdf,13
6238bfd74ea94,12,False,[3772],brdc,6
6238bfd74ea94,-1,False,[4608],fbrdf,36
6238bfd74ea94,0,False,"[4012, 4943]",brdc,3
6238bfd74ea94,100,False,[3278],fercf,38
6238bfd74ea94,0,False,[1795],fzrdc,37
6238bfd74ea94,0,False,[1644],zrdc,6
6238bfd74ea94,-1,False,[3516],ferdc,30
6238bfd74ea94,100,False,[5263],ferdf,34
6238bfd74ea94,98,False,[5499],fercf,37
6238bfd74ea94,100,False,[3258],fzrcf,30
6238bfd74ea94,-1,False,[6188],fbrdc,38
6238bfd74ea94,100,False,[2567],ferdf,29
6238bfd74ea94,0,False,[10460],zrcf,20
6238bfd74ea94,0,False,[4001],zrdc,3
6238bfd74ea94,0,False,[11705],zrcf,26
6238bfd74ea94,0,False,[2542],ercf,15
6238bfd74ea94,0,False,[2452],brdf,24
6238bfd74ea94,100,False,[2810],fercf,31
6238bfd74ea94,15,False,[3009],erdf,27
6238bfd74ea94,97,False,[2666],fbrcf,31
6238bfd74ea94,0,False,[2934],brdc,9
6238bfd74ea94,100,False,[5556],zrdc,19
6238bfd74ea94,96,False,[4961],ercf,18
6238bfd74ea94,78,False,[3195],zrdf,24
6238bfd74ea94,100,False,[2013],ferdf,32
6238bfd74ea94,0,False,[2996],erdc,25
6238bfd74ea94,92,False,[11577],ferdc,38
6238bfd74ea94,0,False,[2829],ercf,1
6238bfd74ea94,100,False,[4063],ferdc,37
6238bfd74ea94,100,False,[3759],ercf,20
6238bfd74ea94,100,False,[3311],fbrdc,33
6238bfd74ea94,100,False,[5224],fercf,29
6238bfd74ea94,100,False,[5906],brcf,18
6238bfd74ea94,90,False,[8745],fbrcf,28
6238bfd74ea94,96,False,[4240],fbrdc,30
6238bfd74ea94,-1,False,[5714],brdc,11
6238bfd74ea94,3,False,"[7229, 10219]",zrcf,18
6238bfd74ea94,100,False,[5264],erdc,3
6238bfd74ea94,100,False,[2628],fzrcf,29
6238bfd74ea94,85,False,[3638],brdc,25
6238bfd74ea94,-1,False,[6914],ferdc,31
6238bfd74ea94,86,False,[3156],fzrcf,32
6238bfd74ea94,100,False,[16043],fbrdf,33
6238bfd74ea94,100,False,[3469],fzrdc,28
6238bfd74ea94,0,False,[2891],zrdf,16
6238bfd74ea94,0,False,[6338],erdf,5
6238bfd74ea94,-1,False,[5810],fbrdf,37
6238bfd74ea94,0,False,[4182],brcf,20
6238bfd74ea94,100,False,[5143],fercf,33
6238bfd74ea94,89,False,[24923],ercf,12
6238bfd74ea94,12,False,[5783],erdc,11
6238bfd74ea94,-1,False,[8842],ferdc,29
6238bfd74ea94,0,False,[3412],fzrdf,35
6238bfd74ea94,100,False,[20802],brcf,23
6238bfd74ea94,-1,False,[7294],fbrdf,35
6238bfd74ea94,89,False,[7003],brcf,12
6238bfd74ea94,98,False,[3092],ferdf,37
6238bfd74ea94,-1,False,[4116],brdc,14
6238bfd74ea94,0,False,[8078],fzrdc,34
6238bfd74ea94,100,False,[2356],fbrdc,31
6238bfd74ea94,100,False,[6230],brdf,2
6238bfd74ea94,0,False,[7207],fbrcf,35
6238bfd74ea94,2,False,[4514],brdf,8
6238bfd74ea94,100,False,[2820],zrcf,15
6238bfd74ea94,100,False,[3082],zrdf,2
6238bfd74ea94,100,False,[2996],brdc,19
6238bfd74ea94,-1,False,[4365],fercf,36
6238bfd74ea94,100,False,[5658],fercf,30
6238bfd74ea94,100,False,[2649],fbrcf,33
6238bfd74ea94,0,False,[3226],zrcf,4
6238bfd74ea94,0,False,[4185],ercf,26
6238bfd74ea94,0,False,[5333],erdc,22
6238bfd74ea94,100,False,[2638],erdc,9
6238bfd74ea94,0,False,[4549],brcf,1
6238bfd74ea94,-1,False,[6011],fbrcf,37
6238bfd74ea94,0,False,[2969],zrdc,11
6238bfd74ea94,100,False,[4282],fbrdc,29
6238bfd74ea94,0,False,[4089],zrdf,27
6238bfd74ea94,0,False,[4983],fzrdc,32
6238bfd74ea94,99,False,[7731],fbrdf,32
6238bfd74ea94,0,False,[9268],fzrcf,35
6238bfd74ea94,0,False,[2849],fzrdc,30
6238bfd74ea94,-1,False,[15978],erdf,24
6238bfd74ea94,100,False,[20624],zrdc,22
6238bfd74ea94,100,False,[3400],fzrdf,30
6238bfd74ea94,100,False,[22528],fbrcf,29
6238bfd74ea94,0,False,[2878],fzrdf,38
6238bfd74ea94,0,False,[3052],zrdc,14
6238bfd74ea94,100,False,[2054],fzrcf,31
6238bfd74ea94,100,False,[1634],brdf,10
6238bfd74ea94,0,False,[1977],fbrcf,30
6238bfd74ea94,0,False,[3439],erdc,19
6238bfd74ea94,0,False,[1788],zrdf,13
6238bfd74ea94,100,False,[3060],brcf,4
6238bfd74ea94,0,False,[3361],erdc,17
6238bfd74ea94,100,False,[1975],ferdf,33
6238bfd74ea94,100,False,[4920],brdf,27
6238bfd74ea94,0,False,[3189],zrdf,21
6238bfd74ea94,-1,False,[6109],fbrcf,34
6238bfd74ea94,-1,False,[5433],erdf,2
6238bfd74ea94,100,False,[2886],fbrdf,30
6238bfd74ea94,0,False,[1898],erdc,6
6238bfd74ea94,100,False,[1126],fzrdf,37
6238bfd74ea94,0,False,[2260],fzrcf,37
6238bfd74ea94,100,False,[2753],fbrdf,29
6238bfd74ea94,100,False,[2095],fercf,35
6238bfd74ea94,-1,False,[3317],fbrdc,32
6238bfd74ea94,100,False,[5774],ferdf,36
6238bfd74ea94,0,False,[3250],fzrdc,36
6238bfd74ea94,0,False,[2668],brcf,26
6238bfd74ea94,100,False,[2043],fzrdf,33
6238bfd74ea94,100,False,[2703],ferdc,28
6238bfd74ea94,100,False,[2458],brdc,17
6238bfd74ea94,100,False,[3371],ferdf,38
6238bfd74ea94,100,False,[2115],fzrdf,31
6238bfd74ea94,99,False,[3105],fercf,32
6238bfd74ea94,100,False,[3676],ferdf,28
6238bfd74ea94,-1,False,[5628],fbrcf,38
6238bfd74ea94,100,False,[1677],ferdc,33
6238bfd74ea94,-1,False,[3728],fbrdc,36
6238bfd74ea94,0,False,[3126],fzrdc,33
6238bfd74ea94,100,False,[2853],ferdc,34
6238bfd74ea94,100,False,[1738],ercf,4
6238bfd74ea94,0,False,[1719],fzrdc,31
6238bfd74ea94,100,False,[4849],brdf,16
6238bfd74ea94,100,False,[3063],fbrdf,28
6238bfd74ea94,0,False,[1669],fercf,28
