id,item,conditions,read_time,image_error,slider_value
61252f5647f57,18,dap,[8086],False,100
61252f5647f57,144,farbe_scharf,[13236],False,0
61252f5647f57,20,dap,[6336],False,100
61252f5647f57,67,farbe_unscharf,[8916],False,0
61252f5647f57,6,dap,[6281],False,100
61252f5647f57,89,farbe_unscharf,[6921],False,0
61252f5647f57,10,dap,[3796],False,100
61252f5647f57,54,grosse_scharf,[5128],False,0
61252f5647f57,14,dap,[4868],False,100
61252f5647f57,83,farbe_unscharf,[5280],False,0
61252f5647f57,96,farbe_unscharf,[3603],False,0
61252f5647f57,19,dap,[6283],False,100
61252f5647f57,80,farbe_unscharf,[3794],False,0
61252f5647f57,112,grosse_unscharf,[22356],False,0
61252f5647f57,51,grosse_scharf,[4219],False,0
61252f5647f57,8,dap,[4749],False,100
61252f5647f57,13,dap,[4271],False,100
61252f5647f57,38,grosse_scharf,[3292],False,0
61252f5647f57,166,farbe_scharf,[3561],False,0
61252f5647f57,2,dap,[5650],False,100
61252f5647f57,115,grosse_unscharf,[4480],False,0
61252f5647f57,153,farbe_scharf,[6743],False,0
61252f5647f57,102,grosse_unscharf,[4583],False,0
61252f5647f57,4,dap,[6875],False,100
61252f5647f57,147,farbe_scharf,[3527],False,0
61252f5647f57,12,dap,[6521],False,3
61252f5647f57,11,dap,[6097],False,100
61252f5647f57,73,farbe_unscharf,[4175],False,0
61252f5647f57,121,grosse_unscharf,[3673],False,0
61252f5647f57,48,grosse_scharf,[3319],False,0
61252f5647f57,21,dap,[5126],False,0
61252f5647f57,86,farbe_unscharf,[4974],False,0
61252f5647f57,64,farbe_unscharf,[4053],False,0
61252f5647f57,1,dap,[5834],False,0
61252f5647f57,160,farbe_scharf,[5731],False,0
61252f5647f57,23,dap,[3999],False,0
61252f5647f57,24,dap,[3682],False,100
61252f5647f57,70,farbe_unscharf,[4649],False,0
61252f5647f57,35,grosse_scharf,[7239],False,0
61252f5647f57,128,grosse_unscharf,[4439],False,0
61252f5647f57,163,farbe_scharf,[4144],False,0
61252f5647f57,15,dap,[2906],False,0
61252f5647f57,22,dap,[3177],False,0
61252f5647f57,7,dap,[3757],False,0
61252f5647f57,105,grosse_unscharf,[7538],False,0
61252f5647f57,134,farbe_scharf,[4439],False,0
61252f5647f57,118,grosse_unscharf,[3795],False,0
61252f5647f57,131,grosse_unscharf,[2693],False,0
61252f5647f57,9,dap,[2949],False,0
61252f5647f57,16,dap,[3711],False,100
61252f5647f57,150,farbe_scharf,[3224],False,0
61252f5647f57,57,grosse_scharf,[3187],False,0
61252f5647f57,32,grosse_scharf,[3890],False,0
61252f5647f57,25,grosse_scharf,[4069],False,0
61252f5647f57,99,grosse_unscharf,[3989],False,0
61252f5647f57,137,farbe_scharf,[7786],False,0
61252f5647f57,41,grosse_scharf,[3534],False,0
61252f5647f57,17,dap,[7995],False,100
61252f5647f57,5,dap,[5787],False,0
61252f5647f57,3,dap,[5463],False,100
61252fce0f17b,51,grosse_scharf,[5835],False,0
61252fce0f17b,57,grosse_scharf,[4642],False,0
61252fce0f17b,41,grosse_scharf,[5012],False,100
61252fce0f17b,89,farbe_unscharf,[4749],False,0
61252fce0f17b,67,farbe_unscharf,[4465],False,0
61252fce0f17b,4,dap,[3947],False,100
61252fce0f17b,24,dap,[3021],False,100
61252fce0f17b,6,dap,[3775],False,0
61252fce0f17b,115,grosse_unscharf,[3621],False,0
61252fce0f17b,23,dap,[2694],False,0
61252fce0f17b,25,grosse_scharf,[8868],False,78
61252fce0f17b,1,dap,[3212],False,75
61252fce0f17b,2,dap,[4477],False,-1
61252fce0f17b,128,grosse_unscharf,[4328],False,100
61252fce0f17b,105,grosse_unscharf,[3293],False,0
61252fce0f17b,13,dap,[3773],False,0
61252fce0f17b,32,grosse_scharf,[2446],False,0
61252fce0f17b,8,dap,[2206],False,100
61252fce0f17b,70,farbe_unscharf,[3069],False,0
61252fce0f17b,83,farbe_unscharf,[2456],False,100
61252fce0f17b,147,farbe_scharf,[2651],False,0
61252fce0f17b,134,farbe_scharf,[3307],False,-1
61252fce0f17b,11,dap,[3596],False,-1
61252fce0f17b,48,grosse_scharf,[3007],False,0
61252fce0f17b,12,dap,[4017],False,0
61252fce0f17b,144,farbe_scharf,[6744],False,100
61252fce0f17b,19,dap,[3886],False,100
61252fce0f17b,150,farbe_scharf,[5096],False,0
61252fce0f17b,54,grosse_scharf,[3795],False,0
61252fce0f17b,3,dap,[3050],False,-1
61252fce0f17b,16,dap,[2116],False,100
61252fce0f17b,80,farbe_unscharf,[2111],False,100
61252fce0f17b,35,grosse_scharf,[2468],False,100
61252fce0f17b,15,dap,[1798],False,0
61252fce0f17b,21,dap,[1987],False,0
61252fce0f17b,118,grosse_unscharf,[2584],False,0
61252fce0f17b,5,dap,[2855],False,0
61252fce0f17b,86,farbe_unscharf,[3013],False,0
61252fce0f17b,14,dap,[1974],False,0
61252fce0f17b,17,dap,[4108],False,-1
61252fce0f17b,10,dap,[2092],False,0
61252fce0f17b,137,farbe_scharf,[2448],False,0
61252fce0f17b,73,farbe_unscharf,[2565],False,0
61252fce0f17b,163,farbe_scharf,[1821],False,0
61252fce0f17b,160,farbe_scharf,[2897],False,0
61252fce0f17b,18,dap,[2203],False,0
61252fce0f17b,22,dap,[1579],False,0
61252fce0f17b,20,dap,[1940],False,100
61252fce0f17b,131,grosse_unscharf,[3630],False,0
61252fce0f17b,166,farbe_scharf,[4350],False,0
61252fce0f17b,7,dap,[1987],False,0
61252fce0f17b,38,grosse_scharf,[2434],False,0
61252fce0f17b,102,grosse_unscharf,[3059],False,0
61252fce0f17b,121,grosse_unscharf,[2485],False,0
61252fce0f17b,99,grosse_unscharf,[5343],False,0
61252fce0f17b,64,farbe_unscharf,[3711],False,0
61252fce0f17b,153,farbe_scharf,[2813],False,0
61252fce0f17b,112,grosse_unscharf,[2207],False,0
61252fce0f17b,96,farbe_unscharf,[2760],False,0
61252fce0f17b,9,dap,[1879],False,0
612530ef4d171,86,farbe_unscharf,[12505],False,100
612530ef4d171,118,grosse_unscharf,[5678],False,100
612530ef4d171,38,grosse_scharf,[19260],False,82
612530ef4d171,22,dap,[11622],False,81
612530ef4d171,4,dap,[9408],False,18
612530ef4d171,80,farbe_unscharf,[6511],False,100
612530ef4d171,9,dap,[6550],False,100
612530ef4d171,54,grosse_scharf,[5823],False,100
612530ef4d171,24,dap,[5567],False,25
612530ef4d171,121,grosse_unscharf,[9273],False,100
612530ef4d171,14,dap,[7600],False,100
612530ef4d171,57,grosse_scharf,[6533],False,100
612530ef4d171,7,dap,[15788],False,45
612530ef4d171,73,farbe_unscharf,[7334],False,100
612530ef4d171,89,farbe_unscharf,[5352],False,100
612530ef4d171,112,grosse_unscharf,[4631],False,100
612530ef4d171,83,farbe_unscharf,[5418],False,100
612530ef4d171,105,grosse_unscharf,[10469],False,100
612530ef4d171,17,dap,[9001],False,0
612530ef4d171,11,dap,[7895],False,0
612530ef4d171,144,farbe_scharf,[10115],False,100
612530ef4d171,153,farbe_scharf,[7642],False,100
612530ef4d171,19,dap,[7373],False,0
612530ef4d171,137,farbe_scharf,[4590],False,100
612530ef4d171,70,farbe_unscharf,[4894],False,100
612530ef4d171,163,farbe_scharf,[3985],False,100
612530ef4d171,5,dap,[7904],False,100
612530ef4d171,18,dap,[26474],False,38
612530ef4d171,1,dap,[3628],False,100
612530ef4d171,32,grosse_scharf,[7743],False,100
612530ef4d171,67,farbe_unscharf,[3619],False,100
612530ef4d171,51,grosse_scharf,[6669],False,100
612530ef4d171,16,dap,[7715],False,22
612530ef4d171,64,farbe_unscharf,[3470],False,100
612530ef4d171,166,farbe_scharf,[6944],False,100
612530ef4d171,128,grosse_unscharf,[7337],False,100
612530ef4d171,21,dap,[7372],False,100
612530ef4d171,134,farbe_scharf,[8063],False,100
612530ef4d171,150,farbe_scharf,[8904],False,100
612530ef4d171,8,dap,[9769],False,31
612530ef4d171,25,grosse_scharf,[5637],False,100
612530ef4d171,10,dap,[3389],False,100
612530ef4d171,41,grosse_scharf,[8096],False,100
612530ef4d171,3,dap,[6715],False,0
612530ef4d171,96,farbe_unscharf,[3725],False,100
612530ef4d171,115,grosse_unscharf,[3688],False,100
612530ef4d171,35,grosse_scharf,[4908],False,100
612530ef4d171,6,dap,[20288],False,59
612530ef4d171,131,grosse_unscharf,[6383],False,100
612530ef4d171,147,farbe_scharf,[4591],False,100
612530ef4d171,13,dap,[9455],False,100
612530ef4d171,12,dap,[5170],False,100
612530ef4d171,99,grosse_unscharf,[7481],False,100
612530ef4d171,2,dap,[11616],False,0
612530ef4d171,20,dap,[11735],False,27
612530ef4d171,102,grosse_unscharf,[4527],False,100
612530ef4d171,48,grosse_scharf,[6390],False,100
612530ef4d171,15,dap,[4563],False,74
612530ef4d171,23,dap,[5424],False,73
612530ef4d171,160,farbe_scharf,[4031],False,100
6125333e4a6fd,134,farbe_scharf,"[2117, 9821]",False,21
6125333e4a6fd,89,farbe_unscharf,[5386],False,100
6125333e4a6fd,96,farbe_unscharf,[7709],False,100
6125333e4a6fd,12,dap,[7979],False,0
6125333e4a6fd,112,grosse_unscharf,[3602],False,0
6125333e4a6fd,22,dap,[9668],False,100
6125333e4a6fd,137,farbe_scharf,[7499],False,0
6125333e4a6fd,24,dap,[4209],False,100
6125333e4a6fd,121,grosse_unscharf,[3314],False,100
6125333e4a6fd,118,grosse_unscharf,[7500],False,0
6125333e4a6fd,20,dap,[7244],False,100
6125333e4a6fd,64,farbe_unscharf,[6548],False,0
6125333e4a6fd,8,dap,[4899],False,100
6125333e4a6fd,48,grosse_scharf,[5372],False,100
6125333e4a6fd,6,dap,[5610],False,0
6125333e4a6fd,163,farbe_scharf,[9484],False,0
6125333e4a6fd,17,dap,[6229],False,100
6125333e4a6fd,38,grosse_scharf,[3947],False,0
6125333e4a6fd,131,grosse_unscharf,[6542],False,0
6125333e4a6fd,35,grosse_scharf,[5956],False,0
6125333e4a6fd,150,farbe_scharf,[3007],False,0
6125333e4a6fd,13,dap,[5113],False,0
6125333e4a6fd,67,farbe_unscharf,[4918],False,0
6125333e4a6fd,70,farbe_unscharf,[5028],False,0
6125333e4a6fd,41,grosse_scharf,[8300],False,0
6125333e4a6fd,102,grosse_unscharf,[4739],False,0
6125333e4a6fd,144,farbe_scharf,[4466],False,0
6125333e4a6fd,147,farbe_scharf,[3882],False,0
6125333e4a6fd,115,grosse_unscharf,[5708],False,0
6125333e4a6fd,2,dap,[3677],False,100
6125333e4a6fd,32,grosse_scharf,[4854],False,0
6125333e4a6fd,128,grosse_unscharf,[2752],False,0
6125333e4a6fd,19,dap,[4877],False,100
6125333e4a6fd,10,dap,[4636],False,100
6125333e4a6fd,99,grosse_unscharf,[6090],False,0
6125333e4a6fd,23,dap,[5317],False,0
6125333e4a6fd,3,dap,[7858],False,100
6125333e4a6fd,9,dap,[5295],False,0
6125333e4a6fd,166,farbe_scharf,[3671],False,0
6125333e4a6fd,5,dap,[4582],False,0
6125333e4a6fd,4,dap,[16099],False,100
6125333e4a6fd,18,dap,[5780],False,100
6125333e4a6fd,1,dap,[5826],False,0
6125333e4a6fd,51,grosse_scharf,[3611],False,0
6125333e4a6fd,16,dap,[6416],False,100
6125333e4a6fd,15,dap,[3968],False,0
6125333e4a6fd,153,farbe_scharf,[5209],False,0
6125333e4a6fd,7,dap,[2976],False,0
6125333e4a6fd,73,farbe_unscharf,[5467],False,0
6125333e4a6fd,14,dap,[4678],False,0
6125333e4a6fd,54,grosse_scharf,[8136],False,0
6125333e4a6fd,57,grosse_scharf,[5830],False,0
6125333e4a6fd,11,dap,[3249],False,100
6125333e4a6fd,105,grosse_unscharf,[4032],False,0
6125333e4a6fd,86,farbe_unscharf,[5538],False,0
6125333e4a6fd,80,farbe_unscharf,[5108],False,0
6125333e4a6fd,25,grosse_scharf,[2909],False,0
6125333e4a6fd,83,farbe_unscharf,[3140],False,0
6125333e4a6fd,21,dap,[4589],False,0
6125333e4a6fd,160,farbe_scharf,[5418],False,0
612534c54caa3,54,grosse_scharf,[5701],False,100
612534c54caa3,23,dap,[7127],False,100
612534c54caa3,25,grosse_scharf,[10734],False,15
612534c54caa3,6,dap,[14204],False,25
612534c54caa3,67,farbe_unscharf,[8938],False,0
612534c54caa3,99,grosse_unscharf,[20420],False,-1
612534c54caa3,24,dap,[4993],False,0
612534c54caa3,128,grosse_unscharf,[6470],False,0
612534c54caa3,121,grosse_unscharf,[4439],False,11
612534c54caa3,41,grosse_scharf,[6404],False,0
612534c54caa3,83,farbe_unscharf,[6931],False,100
612534c54caa3,19,dap,[7218],False,0
612534c54caa3,21,dap,[8566],False,87
612534c54caa3,10,dap,[8414],False,17
612534c54caa3,89,farbe_unscharf,[5648],False,0
612534c54caa3,115,grosse_unscharf,[8058],False,100
612534c54caa3,4,dap,[4097],False,0
612534c54caa3,166,farbe_scharf,[6817],False,0
612534c54caa3,150,farbe_scharf,[5690],False,0
612534c54caa3,11,dap,[6668],False,0
612534c54caa3,12,dap,[4006],False,100
612534c54caa3,153,farbe_scharf,[4051],False,0
612534c54caa3,35,grosse_scharf,[7796],False,0
612534c54caa3,70,farbe_unscharf,[6117],False,10
612534c54caa3,105,grosse_unscharf,[5923],False,10
612534c54caa3,51,grosse_scharf,[5624],False,0
612534c54caa3,13,dap,[5450],False,0
612534c54caa3,32,grosse_scharf,[6307],False,0
612534c54caa3,160,farbe_scharf,[6146],False,0
612534c54caa3,20,dap,[6896],False,3
612534c54caa3,163,farbe_scharf,[3670],False,10
612534c54caa3,102,grosse_unscharf,[6527],False,7
612534c54caa3,9,dap,[6125],False,0
612534c54caa3,118,grosse_unscharf,[4463],False,0
612534c54caa3,15,dap,[4864],False,100
612534c54caa3,1,dap,[3996],False,100
612534c54caa3,64,farbe_unscharf,[5123],False,0
612534c54caa3,7,dap,[5152],False,100
612534c54caa3,131,grosse_unscharf,[4540],False,0
612534c54caa3,112,grosse_unscharf,[3485],False,0
612534c54caa3,16,dap,[3376],False,0
612534c54caa3,38,grosse_scharf,[4050],False,0
612534c54caa3,86,farbe_unscharf,[3384],False,0
612534c54caa3,2,dap,[5426],False,5
612534c54caa3,18,dap,[5466],False,1
612534c54caa3,48,grosse_scharf,[3409],False,0
612534c54caa3,14,dap,[4501],False,100
612534c54caa3,17,dap,[6217],False,4
612534c54caa3,5,dap,[3784],False,100
612534c54caa3,96,farbe_unscharf,[4229],False,0
612534c54caa3,3,dap,[11349],False,-1
612534c54caa3,57,grosse_scharf,[5818],False,0
612534c54caa3,22,dap,[4264],False,0
612534c54caa3,137,farbe_scharf,[5877],False,0
612534c54caa3,73,farbe_unscharf,[5518],False,0
612534c54caa3,144,farbe_scharf,[6442],False,0
612534c54caa3,134,farbe_scharf,[3364],False,0
612534c54caa3,8,dap,[4846],False,0
612534c54caa3,147,farbe_scharf,[5104],False,0
612534c54caa3,80,farbe_unscharf,[4991],False,0
6125361aba3c0,105,grosse_unscharf,[16594],False,0
6125361aba3c0,121,grosse_unscharf,[11690],False,0
6125361aba3c0,6,dap,[6196],False,0
6125361aba3c0,83,farbe_unscharf,[8037],False,0
6125361aba3c0,2,dap,[9674],False,100
6125361aba3c0,14,dap,[6231],False,0
6125361aba3c0,153,farbe_scharf,[7702],False,100
6125361aba3c0,5,dap,[9033],False,0
6125361aba3c0,73,farbe_unscharf,[8689],False,100
6125361aba3c0,32,grosse_scharf,[8278],False,0
6125361aba3c0,41,grosse_scharf,[9909],False,0
6125361aba3c0,24,dap,[6929],False,100
6125361aba3c0,57,grosse_scharf,[5111],False,0
6125361aba3c0,18,dap,[5448],False,100
6125361aba3c0,131,grosse_unscharf,[4012],False,0
6125361aba3c0,21,dap,[3308],False,0
6125361aba3c0,12,dap,[4660],False,0
6125361aba3c0,163,farbe_scharf,[6886],False,100
6125361aba3c0,48,grosse_scharf,[5441],False,0
6125361aba3c0,35,grosse_scharf,[6308],False,0
6125361aba3c0,134,farbe_scharf,[5684],False,100
6125361aba3c0,13,dap,[6528],False,0
6125361aba3c0,86,farbe_unscharf,[4157],False,100
6125361aba3c0,112,grosse_unscharf,[3661],False,100
6125361aba3c0,1,dap,[3457],False,0
6125361aba3c0,10,dap,[4527],False,0
6125361aba3c0,38,grosse_scharf,[5996],False,0
6125361aba3c0,20,dap,[6493],False,95
6125361aba3c0,89,farbe_unscharf,[4625],False,100
6125361aba3c0,9,dap,[7079],False,100
6125361aba3c0,64,farbe_unscharf,[6306],False,100
6125361aba3c0,99,grosse_unscharf,[9303],False,0
6125361aba3c0,16,dap,[5440],False,100
6125361aba3c0,102,grosse_unscharf,[6897],False,0
6125361aba3c0,80,farbe_unscharf,[6153],False,100
6125361aba3c0,4,dap,[4142],False,100
6125361aba3c0,115,grosse_unscharf,[7631],False,0
6125361aba3c0,3,dap,[4530],False,100
6125361aba3c0,70,farbe_unscharf,[5361],False,100
6125361aba3c0,150,farbe_scharf,[6094],False,100
6125361aba3c0,137,farbe_scharf,[4003],False,100
6125361aba3c0,11,dap,[3997],False,100
6125361aba3c0,25,grosse_scharf,[6903],False,0
6125361aba3c0,67,farbe_unscharf,[4700],False,100
6125361aba3c0,15,dap,[11673],False,0
6125361aba3c0,54,grosse_scharf,[4733],False,100
6125361aba3c0,23,dap,[5176],False,0
6125361aba3c0,7,dap,[4381],False,0
6125361aba3c0,8,dap,[6880],False,100
6125361aba3c0,51,grosse_scharf,[6330],False,100
6125361aba3c0,160,farbe_scharf,[8042],False,100
6125361aba3c0,144,farbe_scharf,[5477],False,100
6125361aba3c0,118,grosse_unscharf,[5647],False,0
6125361aba3c0,128,grosse_unscharf,[6514],False,0
6125361aba3c0,166,farbe_scharf,[7805],False,100
6125361aba3c0,96,farbe_unscharf,[9386],False,97
6125361aba3c0,147,farbe_scharf,[3114],False,100
6125361aba3c0,17,dap,[9695],False,100
6125361aba3c0,22,dap,[3618],False,0
6125361aba3c0,19,dap,[4284],False,100
612537032acf0,147,farbe_scharf,[6222],False,100
612537032acf0,18,dap,"[14376, 23813]",False,32
612537032acf0,13,dap,[53855],False,36
612537032acf0,7,dap,[14307],False,35
612537032acf0,4,dap,[5762],False,68
612537032acf0,112,grosse_unscharf,[13153],False,17
612537032acf0,20,dap,[6146],False,75
612537032acf0,54,grosse_scharf,[14948],False,6
612537032acf0,48,grosse_scharf,[8802],False,86
612537032acf0,96,farbe_unscharf,[5225],False,14
612537032acf0,160,farbe_scharf,[4765],False,14
612537032acf0,24,dap,[9882],False,95
612537032acf0,16,dap,[4142],False,91
612537032acf0,137,farbe_scharf,[8153],False,11
612537032acf0,12,dap,[8262],False,0
612537032acf0,35,grosse_scharf,[6703],False,9
612537032acf0,99,grosse_unscharf,[11325],False,7
612537032acf0,6,dap,[7351],False,16
612537032acf0,21,dap,[5112],False,33
612537032acf0,86,farbe_unscharf,[9066],False,19
612537032acf0,32,grosse_scharf,[25068],False,9
612537032acf0,17,dap,[6805],False,100
612537032acf0,25,grosse_scharf,[8244],False,17
612537032acf0,150,farbe_scharf,[5149],False,11
612537032acf0,70,farbe_unscharf,[21109],False,10
612537032acf0,9,dap,[5850],False,18
612537032acf0,131,grosse_unscharf,[9904],False,19
612537032acf0,1,dap,[16655],False,19
612537032acf0,80,farbe_unscharf,[8192],False,19
612537032acf0,115,grosse_unscharf,[14313],False,13
612537032acf0,51,grosse_scharf,[6085],False,13
612537032acf0,153,farbe_scharf,[4257],False,10
612537032acf0,11,dap,[7428],False,100
612537032acf0,3,dap,[6365],False,99
612537032acf0,2,dap,[6570],False,100
612537032acf0,73,farbe_unscharf,[5151],False,3
612537032acf0,22,dap,[5331],False,100
612537032acf0,134,farbe_scharf,[7892],False,8
612537032acf0,118,grosse_unscharf,[4810],False,11
612537032acf0,8,dap,[5838],False,97
612537032acf0,67,farbe_unscharf,[7106],False,9
612537032acf0,23,dap,[8000],False,17
612537032acf0,166,farbe_scharf,[6865],False,8
612537032acf0,128,grosse_unscharf,[6102],False,9
612537032acf0,105,grosse_unscharf,[6146],False,11
612537032acf0,89,farbe_unscharf,[5001],False,8
612537032acf0,57,grosse_scharf,[4587],False,11
612537032acf0,64,farbe_unscharf,[3439],False,11
612537032acf0,19,dap,[8438],False,100
612537032acf0,5,dap,[4762],False,77
612537032acf0,102,grosse_unscharf,[4332],False,11
612537032acf0,121,grosse_unscharf,[4528],False,9
612537032acf0,144,farbe_scharf,[4165],False,11
612537032acf0,163,farbe_scharf,[4427],False,10
612537032acf0,41,grosse_scharf,[3275],False,10
612537032acf0,14,dap,[5086],False,93
612537032acf0,10,dap,[4094],False,93
612537032acf0,15,dap,[4673],False,11
612537032acf0,38,grosse_scharf,[5049],False,9
612537032acf0,83,farbe_unscharf,[4151],False,9
6125374a571b3,1,dap,[6250],False,0
6125374a571b3,121,grosse_unscharf,[12324],False,27
6125374a571b3,150,farbe_scharf,[10516],False,20
6125374a571b3,12,dap,[5079],False,0
6125374a571b3,20,dap,[7479],False,63
6125374a571b3,67,farbe_unscharf,[6670],False,17
6125374a571b3,163,farbe_scharf,[5624],False,26
6125374a571b3,19,dap,[6622],False,98
6125374a571b3,15,dap,[5824],False,16
6125374a571b3,41,grosse_scharf,[5933],False,19
6125374a571b3,70,farbe_unscharf,[4987],False,17
6125374a571b3,89,farbe_unscharf,[4762],False,20
6125374a571b3,137,farbe_scharf,[4915],False,15
6125374a571b3,25,grosse_scharf,[5722],False,14
6125374a571b3,38,grosse_scharf,[3713],False,15
6125374a571b3,2,dap,[7223],False,96
6125374a571b3,128,grosse_unscharf,[5391],False,25
6125374a571b3,51,grosse_scharf,[5017],False,9
6125374a571b3,7,dap,[4808],False,24
6125374a571b3,134,farbe_scharf,[4048],False,20
6125374a571b3,4,dap,[5208],False,60
6125374a571b3,118,grosse_unscharf,[3480],False,26
6125374a571b3,86,farbe_unscharf,[3436],False,15
6125374a571b3,166,farbe_scharf,[3532],False,23
6125374a571b3,83,farbe_unscharf,[2812],False,23
6125374a571b3,153,farbe_scharf,[3038],False,18
6125374a571b3,115,grosse_unscharf,[3098],False,20
6125374a571b3,57,grosse_scharf,[2771],False,22
6125374a571b3,14,dap,[5074],False,74
6125374a571b3,160,farbe_scharf,[3121],False,23
6125374a571b3,96,farbe_unscharf,[2891],False,28
6125374a571b3,22,dap,[4094],False,76
6125374a571b3,18,dap,[2645],False,79
6125374a571b3,48,grosse_scharf,[4454],False,27
6125374a571b3,144,farbe_scharf,[4006],False,22
6125374a571b3,147,farbe_scharf,[3254],False,19
6125374a571b3,54,grosse_scharf,[4993],False,23
6125374a571b3,23,dap,[6042],False,18
6125374a571b3,8,dap,[6085],False,70
6125374a571b3,5,dap,[5528],False,73
6125374a571b3,21,dap,[4056],False,79
6125374a571b3,73,farbe_unscharf,[3280],False,18
6125374a571b3,24,dap,[4081],False,67
6125374a571b3,17,dap,[3967],False,98
6125374a571b3,105,grosse_unscharf,[2833],False,16
6125374a571b3,13,dap,[3388],False,89
6125374a571b3,11,dap,[6005],False,96
6125374a571b3,10,dap,[3351],False,88
6125374a571b3,112,grosse_unscharf,[4008],False,15
6125374a571b3,64,farbe_unscharf,[3378],False,19
6125374a571b3,9,dap,[3670],False,73
6125374a571b3,99,grosse_unscharf,[2718],False,15
6125374a571b3,16,dap,[5066],False,67
6125374a571b3,32,grosse_scharf,[3287],False,20
6125374a571b3,6,dap,[3374],False,77
6125374a571b3,35,grosse_scharf,[4116],False,19
6125374a571b3,3,dap,[3483],False,97
6125374a571b3,80,farbe_unscharf,[3069],False,13
6125374a571b3,131,grosse_unscharf,[3043],False,13
6125374a571b3,102,grosse_unscharf,[2553],False,23
6125383fd4413,67,farbe_unscharf,[10318],False,0
6125383fd4413,10,dap,[6509],False,100
6125383fd4413,80,farbe_unscharf,[10569],False,100
6125383fd4413,147,farbe_scharf,[7611],False,100
6125383fd4413,11,dap,[3835],False,0
6125383fd4413,16,dap,[3428],False,0
6125383fd4413,150,farbe_scharf,[4658],False,0
6125383fd4413,51,grosse_scharf,[9625],False,100
6125383fd4413,14,dap,[4629],False,100
6125383fd4413,17,dap,[6615],False,0
6125383fd4413,137,farbe_scharf,[5907],False,0
6125383fd4413,23,dap,[4126],False,100
6125383fd4413,24,dap,[3252],False,0
6125383fd4413,20,dap,[2568],False,0
6125383fd4413,1,dap,[9351],False,100
6125383fd4413,35,grosse_scharf,[10450],False,100
6125383fd4413,121,grosse_unscharf,[6894],False,0
6125383fd4413,8,dap,[3542],False,5
6125383fd4413,12,dap,[4775],False,100
6125383fd4413,166,farbe_scharf,[5119],False,0
6125383fd4413,38,grosse_scharf,[6672],False,100
6125383fd4413,18,dap,[3610],False,100
6125383fd4413,57,grosse_scharf,[4629],False,100
6125383fd4413,5,dap,[3438],False,100
6125383fd4413,15,dap,[3440],False,100
6125383fd4413,54,grosse_scharf,[4072],False,100
6125383fd4413,102,grosse_unscharf,[2961],False,100
6125383fd4413,105,grosse_unscharf,[4276],False,100
6125383fd4413,83,farbe_unscharf,[2561],False,0
6125383fd4413,4,dap,[3393],False,0
6125383fd4413,48,grosse_scharf,[4138],False,100
6125383fd4413,163,farbe_scharf,[4392],False,0
6125383fd4413,112,grosse_unscharf,[4644],False,100
6125383fd4413,73,farbe_unscharf,[3057],False,100
6125383fd4413,3,dap,[4123],False,0
6125383fd4413,153,farbe_scharf,[3327],False,0
6125383fd4413,160,farbe_scharf,[4006],False,0
6125383fd4413,25,grosse_scharf,[3219],False,100
6125383fd4413,64,farbe_unscharf,[5782],False,0
6125383fd4413,13,dap,[5109],False,100
6125383fd4413,131,grosse_unscharf,[6403],False,100
6125383fd4413,86,farbe_unscharf,[7000],False,0
6125383fd4413,96,farbe_unscharf,[3468],False,0
6125383fd4413,118,grosse_unscharf,[3582],False,100
6125383fd4413,19,dap,[5250],False,0
6125383fd4413,128,grosse_unscharf,[4907],False,0
6125383fd4413,7,dap,[4803],False,100
6125383fd4413,134,farbe_scharf,[5147],False,0
6125383fd4413,99,grosse_unscharf,[5236],False,100
6125383fd4413,22,dap,[14230],False,100
6125383fd4413,21,dap,[2356],False,100
6125383fd4413,2,dap,[4039],False,0
6125383fd4413,89,farbe_unscharf,[4321],False,0
6125383fd4413,9,dap,[5362],False,100
6125383fd4413,115,grosse_unscharf,[5098],False,100
6125383fd4413,32,grosse_scharf,[5917],False,100
6125383fd4413,41,grosse_scharf,[5057],False,100
6125383fd4413,6,dap,[6077],False,100
6125383fd4413,144,farbe_scharf,[9696],False,0
6125383fd4413,70,farbe_unscharf,[3888],False,0
61261ddeb126b,119,grosse_unscharf,[15277],False,0
61261ddeb126b,100,grosse_unscharf,[10167],False,0
61261ddeb126b,58,grosse_scharf,[5754],False,0
61261ddeb126b,14,dap,[16860],False,96
61261ddeb126b,109,grosse_unscharf,[7325],False,0
61261ddeb126b,106,grosse_unscharf,[3687],False,0
61261ddeb126b,148,farbe_scharf,[9359],False,0
61261ddeb126b,12,dap,[5783],False,0
61261ddeb126b,71,farbe_unscharf,[10027],False,0
61261ddeb126b,93,farbe_unscharf,[3619],False,0
61261ddeb126b,1,dap,[6495],False,0
61261ddeb126b,2,dap,[5188],False,100
61261ddeb126b,116,grosse_unscharf,[3217],False,0
61261ddeb126b,87,farbe_unscharf,[5646],False,0
61261ddeb126b,164,farbe_scharf,[3385],False,100
61261ddeb126b,52,grosse_scharf,[5356],False,0
61261ddeb126b,154,farbe_scharf,[5198],False,0
61261ddeb126b,132,grosse_unscharf,[4358],False,0
61261ddeb126b,141,farbe_scharf,[6253],False,0
61261ddeb126b,39,grosse_scharf,[2954],False,0
61261ddeb126b,16,dap,[5128],False,100
61261ddeb126b,19,dap,[5607],False,100
61261ddeb126b,42,grosse_scharf,[3362],False,0
61261ddeb126b,61,farbe_unscharf,[4292],False,0
61261ddeb126b,125,grosse_unscharf,[4462],False,0
61261ddeb126b,26,grosse_scharf,[4951],False,100
61261ddeb126b,8,dap,[6872],False,100
61261ddeb126b,18,dap,"[3543, 9197]",False,100
61261ddeb126b,10,dap,[3064],False,100
61261ddeb126b,11,dap,[4260],False,100
61261ddeb126b,4,dap,[2021],False,100
61261ddeb126b,13,dap,[5384],False,100
61261ddeb126b,23,dap,[2625],False,0
61261ddeb126b,55,grosse_scharf,[2220],False,0
61261ddeb126b,5,dap,[2974],False,0
61261ddeb126b,36,grosse_scharf,[4614],False,0
61261ddeb126b,122,grosse_unscharf,[3237],False,0
61261ddeb126b,17,dap,[4061],False,100
61261ddeb126b,138,farbe_scharf,[5441],False,100
61261ddeb126b,21,dap,[3814],False,98
61261ddeb126b,90,farbe_unscharf,[4166],False,0
61261ddeb126b,29,grosse_scharf,[4522],False,0
61261ddeb126b,45,grosse_scharf,[5333],False,0
61261ddeb126b,77,farbe_unscharf,[3758],False,0
61261ddeb126b,7,dap,[3401],False,0
61261ddeb126b,20,dap,[4659],False,100
61261ddeb126b,157,farbe_scharf,[4371],False,0
61261ddeb126b,151,farbe_scharf,[2159],False,0
61261ddeb126b,84,farbe_unscharf,[2150],False,0
61261ddeb126b,6,dap,[1775],False,3
61261ddeb126b,135,farbe_scharf,[3277],False,100
61261ddeb126b,9,dap,[5751],False,100
61261ddeb126b,24,dap,[3938],False,100
61261ddeb126b,15,dap,[2351],False,0
61261ddeb126b,103,grosse_unscharf,[4791],False,-1
61261ddeb126b,167,farbe_scharf,[2230],False,0
61261ddeb126b,3,dap,[4381],False,100
61261ddeb126b,74,farbe_unscharf,[3109],False,0
61261ddeb126b,68,farbe_unscharf,[3156],False,0
61261ddeb126b,22,dap,[3030],False,100
61261e33b35c6,16,dap,[20576],False,78
61261e33b35c6,106,grosse_unscharf,[18744],False,16
61261e33b35c6,84,farbe_unscharf,[12488],False,82
61261e33b35c6,148,farbe_scharf,[12851],False,77
61261e33b35c6,55,grosse_scharf,[12166],False,15
61261e33b35c6,141,farbe_scharf,[5494],False,84
61261e33b35c6,42,grosse_scharf,[8039],False,76
61261e33b35c6,167,farbe_scharf,[7990],False,84
61261e33b35c6,3,dap,[11416],False,99
61261e33b35c6,14,dap,[8265],False,80
61261e33b35c6,74,farbe_unscharf,[7241],False,21
61261e33b35c6,151,farbe_scharf,[3697],False,9
61261e33b35c6,71,farbe_unscharf,[5661],False,12
61261e33b35c6,135,farbe_scharf,[6551],False,87
61261e33b35c6,22,dap,[7840],False,86
61261e33b35c6,5,dap,[4635],False,84
61261e33b35c6,4,dap,[6222],False,79
61261e33b35c6,11,dap,[14754],False,100
61261e33b35c6,36,grosse_scharf,[5977],False,88
61261e33b35c6,9,dap,[7367],False,0
61261e33b35c6,154,farbe_scharf,[4015],False,18
61261e33b35c6,7,dap,[7542],False,20
61261e33b35c6,6,dap,[3256],False,79
61261e33b35c6,61,farbe_unscharf,[4377],False,78
61261e33b35c6,45,grosse_scharf,[5895],False,14
61261e33b35c6,39,grosse_scharf,[4907],False,9
61261e33b35c6,119,grosse_unscharf,[3919],False,13
61261e33b35c6,24,dap,[5347],False,9
61261e33b35c6,138,farbe_scharf,[6711],False,88
61261e33b35c6,26,grosse_scharf,[5456],False,11
61261e33b35c6,10,dap,[2897],False,81
61261e33b35c6,132,grosse_unscharf,[2949],False,20
61261e33b35c6,87,farbe_unscharf,[3836],False,87
61261e33b35c6,20,dap,[4491],False,81
61261e33b35c6,2,dap,[9698],False,100
61261e33b35c6,21,dap,[2955],False,76
61261e33b35c6,93,farbe_unscharf,[4023],False,19
61261e33b35c6,1,dap,[4610],False,77
61261e33b35c6,17,dap,[4762],False,100
61261e33b35c6,58,grosse_scharf,[3540],False,0
61261e33b35c6,12,dap,[3810],False,0
61261e33b35c6,19,dap,[5553],False,100
61261e33b35c6,116,grosse_unscharf,[4495],False,21
61261e33b35c6,109,grosse_unscharf,[4601],False,16
61261e33b35c6,23,dap,[4199],False,15
61261e33b35c6,157,farbe_scharf,[5654],False,16
61261e33b35c6,68,farbe_unscharf,[3313],False,9
61261e33b35c6,8,dap,[3241],False,100
61261e33b35c6,90,farbe_unscharf,[3200],False,11
61261e33b35c6,100,grosse_unscharf,[7664],False,9
61261e33b35c6,125,grosse_unscharf,[4100],False,11
61261e33b35c6,164,farbe_scharf,[5380],False,13
61261e33b35c6,52,grosse_scharf,[3775],False,13
61261e33b35c6,29,grosse_scharf,[3433],False,13
61261e33b35c6,77,farbe_unscharf,[6886],False,80
61261e33b35c6,15,dap,[6592],False,5
61261e33b35c6,103,grosse_unscharf,[8266],False,-1
61261e33b35c6,122,grosse_unscharf,[7303],False,9
61261e33b35c6,18,dap,[8748],False,88
61261e33b35c6,13,dap,[4120],False,84
6126203dbe755,68,farbe_unscharf,[8419],False,35
6126203dbe755,93,farbe_unscharf,[11039],False,9
6126203dbe755,77,farbe_unscharf,[7915],False,0
6126203dbe755,2,dap,[6265],False,100
6126203dbe755,164,farbe_scharf,[10121],False,0
6126203dbe755,157,farbe_scharf,[19057],False,38
6126203dbe755,4,dap,[10162],False,72
6126203dbe755,122,grosse_unscharf,[6872],False,0
6126203dbe755,125,grosse_unscharf,[5199],False,0
6126203dbe755,3,dap,[7036],False,100
6126203dbe755,167,farbe_scharf,[4817],False,0
6126203dbe755,42,grosse_scharf,[7815],False,0
6126203dbe755,5,dap,[7960],False,100
6126203dbe755,15,dap,[5624],False,0
6126203dbe755,29,grosse_scharf,[8196],False,0
6126203dbe755,106,grosse_unscharf,[6865],False,0
6126203dbe755,8,dap,[8700],False,34
6126203dbe755,20,dap,[5147],False,89
6126203dbe755,17,dap,[6062],False,100
6126203dbe755,71,farbe_unscharf,[6031],False,0
6126203dbe755,1,dap,[4656],False,100
6126203dbe755,18,dap,[6180],False,100
6126203dbe755,16,dap,[4871],False,100
6126203dbe755,135,farbe_scharf,[6017],False,0
6126203dbe755,116,grosse_unscharf,[6922],False,0
6126203dbe755,87,farbe_unscharf,[7119],False,33
6126203dbe755,61,farbe_unscharf,[7607],False,0
6126203dbe755,154,farbe_scharf,[6592],False,-1
6126203dbe755,119,grosse_unscharf,[6244],False,0
6126203dbe755,84,farbe_unscharf,[6481],False,0
6126203dbe755,13,dap,[8307],False,0
6126203dbe755,9,dap,[4041],False,0
6126203dbe755,7,dap,[6296],False,59
6126203dbe755,6,dap,[5374],False,0
6126203dbe755,26,grosse_scharf,[6533],False,0
6126203dbe755,103,grosse_unscharf,[6969],False,-1
6126203dbe755,45,grosse_scharf,[9083],False,0
6126203dbe755,132,grosse_unscharf,[5525],False,0
6126203dbe755,36,grosse_scharf,[5070],False,0
6126203dbe755,10,dap,[3530],False,0
6126203dbe755,52,grosse_scharf,[4495],False,0
6126203dbe755,19,dap,[4675],False,100
6126203dbe755,39,grosse_scharf,[3916],False,0
6126203dbe755,151,farbe_scharf,[4636],False,0
6126203dbe755,74,farbe_unscharf,[7121],False,0
6126203dbe755,23,dap,[4558],False,0
6126203dbe755,55,grosse_scharf,[4508],False,0
6126203dbe755,109,grosse_unscharf,[4763],False,0
6126203dbe755,24,dap,[3884],False,100
6126203dbe755,12,dap,[4040],False,0
6126203dbe755,21,dap,[3648],False,0
6126203dbe755,90,farbe_unscharf,[5461],False,0
6126203dbe755,138,farbe_scharf,[5066],False,0
6126203dbe755,58,grosse_scharf,[6646],False,0
6126203dbe755,22,dap,[3797],False,0
6126203dbe755,148,farbe_scharf,[6206],False,-1
6126203dbe755,100,grosse_unscharf,[5146],False,0
6126203dbe755,11,dap,[5505],False,100
6126203dbe755,14,dap,[3447],False,0
6126203dbe755,141,farbe_scharf,[6977],False,0
612621fd35517,6,dap,[11154],False,100
612621fd35517,93,farbe_unscharf,"[10024, 13639]",False,50
612621fd35517,58,grosse_scharf,[9041],False,50
612621fd35517,8,dap,[15438],False,32
612621fd35517,26,grosse_scharf,[7530],False,50
612621fd35517,77,farbe_unscharf,[12465],False,50
612621fd35517,71,farbe_unscharf,[6377],False,42
612621fd35517,4,dap,[6182],False,79
612621fd35517,122,grosse_unscharf,[16244],False,23
612621fd35517,3,dap,[12777],False,100
612621fd35517,7,dap,[5239],False,22
612621fd35517,55,grosse_scharf,[3553],False,50
612621fd35517,84,farbe_unscharf,[3977],False,36
612621fd35517,17,dap,[7514],False,100
612621fd35517,52,grosse_scharf,[10929],False,33
612621fd35517,18,dap,[8270],False,90
612621fd35517,2,dap,[4779],False,100
612621fd35517,29,grosse_scharf,[12672],False,0
612621fd35517,23,dap,[10854],False,100
612621fd35517,61,farbe_unscharf,[4738],False,0
612621fd35517,20,dap,[5007],False,100
612621fd35517,141,farbe_scharf,[9434],False,31
612621fd35517,151,farbe_scharf,[6271],False,37
612621fd35517,87,farbe_unscharf,[6180],False,30
612621fd35517,157,farbe_scharf,[10697],False,50
612621fd35517,10,dap,[7882],False,100
612621fd35517,9,dap,[9860],False,100
612621fd35517,12,dap,[5128],False,0
612621fd35517,22,dap,[6214],False,100
612621fd35517,68,farbe_unscharf,[5374],False,0
612621fd35517,45,grosse_scharf,[11087],False,0
612621fd35517,103,grosse_unscharf,[11191],False,-1
612621fd35517,148,farbe_scharf,[28550],False,-1
612621fd35517,109,grosse_unscharf,[5516],False,0
612621fd35517,164,farbe_scharf,[10605],False,0
612621fd35517,15,dap,[4818],False,0
612621fd35517,36,grosse_scharf,[9220],False,0
612621fd35517,154,farbe_scharf,[20854],False,17
612621fd35517,5,dap,[11521],False,100
612621fd35517,106,grosse_unscharf,[4469],False,0
612621fd35517,100,grosse_unscharf,[4707],False,0
612621fd35517,135,farbe_scharf,[4512],False,0
612621fd35517,13,dap,[5260],False,100
612621fd35517,24,dap,[7246],False,0
612621fd35517,167,farbe_scharf,[8855],False,100
612621fd35517,11,dap,[8343],False,100
612621fd35517,39,grosse_scharf,[7243],False,0
612621fd35517,16,dap,[15492],False,100
612621fd35517,14,dap,[4170],False,100
612621fd35517,1,dap,[4450],False,100
612621fd35517,138,farbe_scharf,[7758],False,0
612621fd35517,42,grosse_scharf,[4310],False,0
612621fd35517,132,grosse_unscharf,[9780],False,0
612621fd35517,125,grosse_unscharf,[4090],False,0
612621fd35517,119,grosse_unscharf,[4995],False,0
612621fd35517,21,dap,[7903],False,100
612621fd35517,90,farbe_unscharf,[9043],False,0
612621fd35517,19,dap,[21096],False,100
612621fd35517,74,farbe_unscharf,[5742],False,100
612621fd35517,116,grosse_unscharf,[5149],False,0
6126227aa4b9e,74,farbe_unscharf,[5665],False,3
6126227aa4b9e,55,grosse_scharf,[6720],False,4
6126227aa4b9e,154,farbe_scharf,[7225],False,100
6126227aa4b9e,6,dap,[6161],False,17
6126227aa4b9e,87,farbe_unscharf,[6742],False,88
6126227aa4b9e,77,farbe_unscharf,[3973],False,95
6126227aa4b9e,125,grosse_unscharf,[4596],False,0
6126227aa4b9e,68,farbe_unscharf,[3998],False,100
6126227aa4b9e,122,grosse_unscharf,[6598],False,0
6126227aa4b9e,16,dap,[5301],False,100
6126227aa4b9e,58,grosse_scharf,[4837],False,5
6126227aa4b9e,103,grosse_unscharf,[7608],False,-1
6126227aa4b9e,141,farbe_scharf,[4587],False,85
6126227aa4b9e,1,dap,[3527],False,13
6126227aa4b9e,93,farbe_unscharf,[5159],False,82
6126227aa4b9e,21,dap,[3778],False,11
6126227aa4b9e,29,grosse_scharf,[9080],False,20
6126227aa4b9e,20,dap,[2657],False,88
6126227aa4b9e,36,grosse_scharf,[5266],False,13
6126227aa4b9e,2,dap,[4103],False,92
6126227aa4b9e,9,dap,[2742],False,9
6126227aa4b9e,5,dap,[2667],False,4
6126227aa4b9e,3,dap,[5565],False,92
6126227aa4b9e,164,farbe_scharf,[3964],False,13
6126227aa4b9e,132,grosse_unscharf,[5255],False,87
6126227aa4b9e,106,grosse_unscharf,[4610],False,11
6126227aa4b9e,100,grosse_unscharf,[3681],False,17
6126227aa4b9e,116,grosse_unscharf,[3588],False,6
6126227aa4b9e,157,farbe_scharf,[3653],False,79
6126227aa4b9e,18,dap,[3235],False,11
6126227aa4b9e,22,dap,[2645],False,11
6126227aa4b9e,84,farbe_unscharf,[3329],False,85
6126227aa4b9e,8,dap,[3821],False,87
6126227aa4b9e,45,grosse_scharf,[4525],False,5
6126227aa4b9e,4,dap,[2506],False,85
6126227aa4b9e,7,dap,[2845],False,8
6126227aa4b9e,10,dap,[4444],False,9
6126227aa4b9e,11,dap,[4866],False,89
6126227aa4b9e,90,farbe_unscharf,[3696],False,9
6126227aa4b9e,71,farbe_unscharf,[5416],False,12
6126227aa4b9e,167,farbe_scharf,[4640],False,17
6126227aa4b9e,109,grosse_unscharf,[3669],False,17
6126227aa4b9e,13,dap,[2290],False,8
6126227aa4b9e,14,dap,[2844],False,7
6126227aa4b9e,23,dap,[3444],False,85
6126227aa4b9e,12,dap,[2497],False,7
6126227aa4b9e,119,grosse_unscharf,[2667],False,8
6126227aa4b9e,17,dap,[5380],False,88
6126227aa4b9e,39,grosse_scharf,[3254],False,9
6126227aa4b9e,138,farbe_scharf,[6433],False,29
6126227aa4b9e,15,dap,[2926],False,4
6126227aa4b9e,42,grosse_scharf,[3345],False,7
6126227aa4b9e,19,dap,[5122],False,84
6126227aa4b9e,61,farbe_unscharf,[4298],False,83
6126227aa4b9e,148,farbe_scharf,[5797],False,95
6126227aa4b9e,52,grosse_scharf,[4223],False,7
6126227aa4b9e,26,grosse_scharf,[3587],False,10
6126227aa4b9e,24,dap,[2018],False,88
6126227aa4b9e,135,farbe_scharf,[4199],False,14
6126227aa4b9e,151,farbe_scharf,[5532],False,92
612622cdd62a6,20,dap,[6930],False,10
612622cdd62a6,9,dap,[7083],False,26
612622cdd62a6,93,farbe_unscharf,[13620],False,20
612622cdd62a6,11,dap,[7620],False,0
612622cdd62a6,7,dap,[9378],False,50
612622cdd62a6,4,dap,[5433],False,52
612622cdd62a6,55,grosse_scharf,[7355],False,77
612622cdd62a6,151,farbe_scharf,[11331],False,33
612622cdd62a6,58,grosse_scharf,[4486],False,12
612622cdd62a6,21,dap,[5017],False,84
612622cdd62a6,10,dap,[5202],False,80
612622cdd62a6,141,farbe_scharf,[8939],False,22
612622cdd62a6,45,grosse_scharf,[7034],False,76
612622cdd62a6,116,grosse_unscharf,[6478],False,82
612622cdd62a6,167,farbe_scharf,[5269],False,16
612622cdd62a6,135,farbe_scharf,[5196],False,13
612622cdd62a6,52,grosse_scharf,[4454],False,83
612622cdd62a6,84,farbe_unscharf,[4149],False,0
612622cdd62a6,42,grosse_scharf,[4395],False,81
612622cdd62a6,29,grosse_scharf,[5245],False,80
612622cdd62a6,157,farbe_scharf,[3550],False,0
612622cdd62a6,24,dap,[3493],False,0
612622cdd62a6,103,grosse_unscharf,[8351],False,-1
612622cdd62a6,2,dap,[5983],False,0
612622cdd62a6,132,grosse_unscharf,[6313],False,100
612622cdd62a6,16,dap,[7562],False,8
612622cdd62a6,1,dap,[4943],False,94
612622cdd62a6,22,dap,[4193],False,93
612622cdd62a6,26,grosse_scharf,[4722],False,91
612622cdd62a6,6,dap,[4616],False,93
612622cdd62a6,74,farbe_unscharf,[5727],False,14
612622cdd62a6,148,farbe_scharf,[7511],False,12
612622cdd62a6,109,grosse_unscharf,[4106],False,85
612622cdd62a6,12,dap,[4049],False,100
612622cdd62a6,15,dap,[7567],False,100
612622cdd62a6,18,dap,[6047],False,87
612622cdd62a6,138,farbe_scharf,[8372],False,12
612622cdd62a6,19,dap,[5116],False,0
612622cdd62a6,119,grosse_unscharf,[5019],False,86
612622cdd62a6,90,farbe_unscharf,[4863],False,6
612622cdd62a6,77,farbe_unscharf,[4505],False,7
612622cdd62a6,36,grosse_scharf,[6257],False,91
612622cdd62a6,125,grosse_unscharf,[5203],False,92
612622cdd62a6,17,dap,[5110],False,0
612622cdd62a6,39,grosse_scharf,[3918],False,91
612622cdd62a6,3,dap,[4696],False,0
612622cdd62a6,71,farbe_unscharf,[4884],False,92
612622cdd62a6,8,dap,[5408],False,8
612622cdd62a6,23,dap,[4565],False,49
612622cdd62a6,100,grosse_unscharf,[6597],False,74
612622cdd62a6,122,grosse_unscharf,[4990],False,80
612622cdd62a6,164,farbe_scharf,[7732],False,27
612622cdd62a6,106,grosse_unscharf,[4369],False,29
612622cdd62a6,68,farbe_unscharf,[4347],False,16
612622cdd62a6,154,farbe_scharf,[4481],False,20
612622cdd62a6,5,dap,[9088],False,92
612622cdd62a6,61,farbe_unscharf,[4653],False,26
612622cdd62a6,87,farbe_unscharf,[4676],False,10
612622cdd62a6,14,dap,[4958],False,93
612622cdd62a6,13,dap,[6892],False
6126279d0e47e,52,grosse_scharf,[13346],False,49
6126279d0e47e,84,farbe_unscharf,[6782],False,50
6126279d0e47e,93,farbe_unscharf,[11166],False,34
6126279d0e47e,167,farbe_scharf,[13613],False,41
6126279d0e47e,45,grosse_scharf,[8417],False,100
6126279d0e47e,22,dap,[13440],False,69
6126279d0e47e,39,grosse_scharf,[8835],False,50
6126279d0e47e,17,dap,[7636],False,76
6126279d0e47e,42,grosse_scharf,[40739],False,37
6126279d0e47e,14,dap,[11600],False,81
6126279d0e47e,157,farbe_scharf,[9341],False,28
6126279d0e47e,125,grosse_unscharf,[11394],False,34
6126279d0e47e,16,dap,[12932],False,50
6126279d0e47e,87,farbe_unscharf,[15431],False,50
6126279d0e47e,3,dap,[12648],False,100
6126279d0e47e,68,farbe_unscharf,[4996],False,50
6126279d0e47e,71,farbe_unscharf,[9884],False,47
6126279d0e47e,20,dap,[11131],False,66
6126279d0e47e,1,dap,[8023],False,67
6126279d0e47e,23,dap,[19795],False,31
6126279d0e47e,15,dap,[49315],False,20
6126279d0e47e,9,dap,[6485],False,61
6126279d0e47e,61,farbe_unscharf,[6501],False,35
6126279d0e47e,90,farbe_unscharf,[70143],False,70
6126279d0e47e,116,grosse_unscharf,[8013],False,27
6126279d0e47e,135,farbe_scharf,[6145],False,62
6126279d0e47e,6,dap,[5022],False,34
6126279d0e47e,13,dap,[4607],False,31
6126279d0e47e,148,farbe_scharf,[6901],False,74
6126279d0e47e,26,grosse_scharf,[12134],False,55
6126279d0e47e,21,dap,[6490],False,28
6126279d0e47e,55,grosse_scharf,[7314],False,32
6126279d0e47e,77,farbe_unscharf,[7651],False,66
6126279d0e47e,29,grosse_scharf,[27937],False,27
6126279d0e47e,100,grosse_unscharf,[8359],False,25
6126279d0e47e,5,dap,[4753],False,32
6126279d0e47e,11,dap,[12280],False,76
6126279d0e47e,119,grosse_unscharf,[59049],False,28
6126279d0e47e,12,dap,[113222],False,17
6126279d0e47e,164,farbe_scharf,[46080],False,82
6126279d0e47e,7,dap,[7752],False,24
6126279d0e47e,106,grosse_unscharf,[29733],False,26
6126279d0e47e,58,grosse_scharf,[53974],False,22
6126279d0e47e,4,dap,[5244],False,76
6126279d0e47e,151,farbe_scharf,[5828],False,79
6126279d0e47e,132,grosse_unscharf,[8921],False,73
6126279d0e47e,103,grosse_unscharf,[15418],False,-1
6126279d0e47e,141,farbe_scharf,[8253],False,61
6126279d0e47e,24,dap,[48759],False,76
6126279d0e47e,36,grosse_scharf,[33730],False,65
6126279d0e47e,122,grosse_unscharf,[70588],False,75
6126279d0e47e,19,dap,[6851],False,99
6126279d0e47e,18,dap,[6464],False,65
6126279d0e47e,10,dap,[141204],False,33
6126279d0e47e,8,dap,[9626],False,66
6126279d0e47e,154,farbe_scharf,[5999],False,64
6126279d0e47e,138,farbe_scharf,[11126],False,80
6126279d0e47e,74,farbe_unscharf,[8186],False,70
6126279d0e47e,109,grosse_unscharf,[171972],False,72
6126279d0e47e,2,dap,[236229],False,100
61269750ead69,123,grosse_unscharf,[6241],False,95
61269750ead69,24,dap,[9025],False,28
61269750ead69,97,grosse_unscharf,[8674],False,87
61269750ead69,13,dap,[10022],False,57
61269750ead69,30,grosse_scharf,[6996],False,79
61269750ead69,104,grosse_unscharf,[6183],False,84
61269750ead69,7,dap,[8364],False,35
61269750ead69,145,farbe_scharf,[23958],False,81
61269750ead69,91,farbe_unscharf,[6799],False,72
61269750ead69,142,farbe_scharf,[6797],False,75
61269750ead69,168,farbe_scharf,[13994],False,73
61269750ead69,56,grosse_scharf,[4246],False,76
61269750ead69,59,grosse_scharf,[3341],False,79
61269750ead69,107,grosse_unscharf,[3310],False,86
61269750ead69,161,farbe_scharf,[2759],False,73
61269750ead69,2,dap,[7519],False,19
61269750ead69,126,grosse_unscharf,[4993],False,85
61269750ead69,16,dap,[4547],False,20
61269750ead69,155,farbe_scharf,[5000],False,94
61269750ead69,88,farbe_unscharf,[3560],False,86
61269750ead69,18,dap,[5703],False,20
61269750ead69,11,dap,[6761],False,27
61269750ead69,19,dap,[5831],False,21
61269750ead69,94,farbe_unscharf,[4504],False,88
61269750ead69,12,dap,[12603],False
61269750ead69,49,grosse_scharf,[4360],False,85
61269750ead69,5,dap,[9391],False,15
61269750ead69,14,dap,[7588],False,79
61269750ead69,4,dap,[5723],False,11
61269750ead69,78,farbe_unscharf,[3628],False,87
61269750ead69,113,grosse_unscharf,[4866],False,92
61269750ead69,10,dap,[4073],False,66
61269750ead69,158,farbe_scharf,[5058],False,88
61269750ead69,120,grosse_unscharf,[5007],False,87
61269750ead69,46,grosse_scharf,[5717],False,89
61269750ead69,129,grosse_unscharf,[6259],False,85
61269750ead69,72,farbe_unscharf,[7083],False,93
61269750ead69,3,dap,[4808],False,0
61269750ead69,139,farbe_scharf,[4872],False
61269750ead69,20,dap,[4242],False,3
61269750ead69,27,grosse_scharf,[4973],False,5
61269750ead69,17,dap,[8022],False,4
61269750ead69,75,farbe_unscharf,[5495],False,93
61269750ead69,15,dap,[7727],False,98
61269750ead69,81,farbe_unscharf,[3327],False,98
61269750ead69,22,dap,[3227],False,98
61269750ead69,1,dap,[6368],False,97
61269750ead69,152,farbe_scharf,[7671],False,97
61269750ead69,62,farbe_unscharf,[5101],False,97
61269750ead69,8,dap,[13247],False,4
61269750ead69,40,grosse_scharf,[3195],False,91
61269750ead69,110,grosse_unscharf,[3815],False,97
61269750ead69,65,farbe_unscharf,[7267],False,96
61269750ead69,23,dap,[4375],False,97
61269750ead69,136,farbe_scharf,[7816],False,3
61269750ead69,33,grosse_scharf,[8198],False,0
61269750ead69,9,dap,[8887],False,99
61269750ead69,21,dap,[5784],False,96
61269750ead69,6,dap,[3361],False,97
61269750ead69,43,grosse_scharf,[10389],False,19
61269ad532009,56,grosse_scharf,"[161, 7759]",False,50
61269ad532009,62,farbe_unscharf,[8759],False,50
61269ad532009,129,grosse_unscharf,[9295],False,50
61269ad532009,65,farbe_unscharf,[6245],False,50
61269ad532009,40,grosse_scharf,[7134],False,50
61269ad532009,158,farbe_scharf,[4034],False,50
61269ad532009,168,farbe_scharf,[6856],False,57
61269ad532009,139,farbe_scharf,[14273],False,85
61269ad532009,6,dap,[8906],False,62
61269ad532009,14,dap,[9016],False,75
61269ad532009,5,dap,[5909],False,82
61269ad532009,20,dap,[6742],False,14
61269ad532009,11,dap,[6352],False,0
61269ad532009,91,farbe_unscharf,[5309],False,66
61269ad532009,113,grosse_unscharf,[5322],False,67
61269ad532009,7,dap,[9927],False,79
61269ad532009,4,dap,[4262],False,22
61269ad532009,21,dap,[5849],False,82
61269ad532009,75,farbe_unscharf,[7934],False,74
61269ad532009,152,farbe_scharf,[3843],False,67
61269ad532009,3,dap,[5324],False,25
61269ad532009,24,dap,[3759],False,15
61269ad532009,33,grosse_scharf,[3756],False,95
61269ad532009,16,dap,[4165],False,21
61269ad532009,17,dap,[5256],False,0
61269ad532009,30,grosse_scharf,[5862],False,83
61269ad532009,18,dap,[5278],False,0
61269ad532009,23,dap,[5097],False,86
61269ad532009,104,grosse_unscharf,[5419],False,85
61269ad532009,94,farbe_unscharf,[4095],False,70
61269ad532009,49,grosse_scharf,"[263, 7130]",False,67
61269ad532009,8,dap,[2995],False,19
61269ad532009,43,grosse_scharf,[5112],False,77
61269ad532009,59,grosse_scharf,[5293],False,74
61269ad532009,81,farbe_unscharf,[5554],False,74
61269ad532009,126,grosse_unscharf,[4107],False,81
61269ad532009,120,grosse_unscharf,[6604],False,80
61269ad532009,46,grosse_scharf,[10001],False,80
61269ad532009,155,farbe_scharf,[16913],False,22
61269ad532009,145,farbe_scharf,[5526],False,19
61269ad532009,88,farbe_unscharf,[8877],False,77
61269ad532009,1,dap,[9978],False,72
61269ad532009,97,grosse_unscharf,[11746],False,81
61269ad532009,110,grosse_unscharf,[7872],False,70
61269ad532009,22,dap,[7115],False,83
61269ad532009,161,farbe_scharf,[5607],False,86
61269ad532009,13,dap,[5286],False,79
61269ad532009,27,grosse_scharf,[4029],False,81
61269ad532009,15,dap,[6648],False,73
61269ad532009,72,farbe_unscharf,[6610],False,76
61269ad532009,2,dap,[6265],False,0
61269ad532009,78,farbe_unscharf,[5217],False,82
61269ad532009,12,dap,[9180],False,100
61269ad532009,10,dap,[8800],False,90
61269ad532009,123,grosse_unscharf,[4307],False,88
61269ad532009,142,farbe_scharf,[4014],False,85
61269ad532009,19,dap,[5223],False,0
61269ad532009,107,grosse_unscharf,[4013],False,81
61269ad532009,136,farbe_scharf,[3604],False,85
61269ad532009,9,dap,[4625],False,89
61269ed4b417e,72,farbe_unscharf,[12043],False,14
61269ed4b417e,23,dap,[10059],False,89
61269ed4b417e,139,farbe_scharf,[8913],False,24
61269ed4b417e,21,dap,[6594],False,10
61269ed4b417e,129,grosse_unscharf,[11482],False,88
61269ed4b417e,15,dap,[9532],False,82
61269ed4b417e,78,farbe_unscharf,[7388],False,14
61269ed4b417e,11,dap,[16903],False,0
61269ed4b417e,9,dap,[10363],False,85
61269ed4b417e,161,farbe_scharf,[10789],False,9
61269ed4b417e,4,dap,[8043],False,11
61269ed4b417e,120,grosse_unscharf,[8440],False,15
61269ed4b417e,17,dap,[6174],False,2
61269ed4b417e,94,farbe_unscharf,[9458],False,1
61269ed4b417e,1,dap,[8980],False,21
61269ed4b417e,27,grosse_scharf,[7039],False,21
61269ed4b417e,126,grosse_unscharf,[6616],False,16
61269ed4b417e,13,dap,[7486],False,24
61269ed4b417e,110,grosse_unscharf,[11005],False,83
61269ed4b417e,3,dap,[9155],False,1
61269ed4b417e,59,grosse_scharf,[9571],False,83
61269ed4b417e,168,farbe_scharf,[4674],False,5
61269ed4b417e,8,dap,[6985],False,10
61269ed4b417e,142,farbe_scharf,[10367],False,8
61269ed4b417e,33,grosse_scharf,[7490],False,86
61269ed4b417e,18,dap,[13028],False,18
61269ed4b417e,22,dap,[6803],False,34
61269ed4b417e,91,farbe_unscharf,[6561],False,9
61269ed4b417e,7,dap,"[8187, 17794]",False,5
61269ed4b417e,49,grosse_scharf,[8650],False,5
61269ed4b417e,62,farbe_unscharf,[6587],False,5
61269ed4b417e,19,dap,[7159],False,1
61269ed4b417e,24,dap,[5051],False,3
61269ed4b417e,16,dap,[7955],False,8
61269ed4b417e,10,dap,[5991],False,8
61269ed4b417e,158,farbe_scharf,[5338],False,0
61269ed4b417e,123,grosse_unscharf,[5344],False,8
61269ed4b417e,6,dap,[6800],False,9
61269ed4b417e,56,grosse_scharf,[6426],False,5
61269ed4b417e,20,dap,[4221],False,2
61269ed4b417e,152,farbe_scharf,[7380],False,6
61269ed4b417e,14,dap,[9177],False,31
61269ed4b417e,88,farbe_unscharf,[8579],False,5
61269ed4b417e,5,dap,[12502],False,2
61269ed4b417e,12,dap,[7130],False,98
61269ed4b417e,65,farbe_unscharf,[6142],False,5
61269ed4b417e,107,grosse_unscharf,[7524],False,85
61269ed4b417e,145,farbe_scharf,[4853],False,19
61269ed4b417e,155,farbe_scharf,[8641],False,10
61269ed4b417e,43,grosse_scharf,[11187],False,16
61269ed4b417e,136,farbe_scharf,[6743],False,10
61269ed4b417e,104,grosse_unscharf,[10175],False,88
61269ed4b417e,75,farbe_unscharf,[6355],False,10
61269ed4b417e,40,grosse_scharf,[4722],False,88
61269ed4b417e,30,grosse_scharf,[5551],False,91
61269ed4b417e,113,grosse_unscharf,[4913],False,92
61269ed4b417e,81,farbe_unscharf,[5686],False,11
61269ed4b417e,97,grosse_unscharf,[6771],False,7
61269ed4b417e,46,grosse_scharf,[4487],False,91
61269ed4b417e,2,dap,[6422],False,1
6126a29b1bfec,22,dap,[6302],False,36
6126a29b1bfec,126,grosse_unscharf,[13594],False,49
6126a29b1bfec,107,grosse_unscharf,[14396],False,63
6126a29b1bfec,75,farbe_unscharf,[9469],False,53
6126a29b1bfec,23,dap,[8848],False,58
6126a29b1bfec,10,dap,[8869],False,41
6126a29b1bfec,15,dap,[5323],False,67
6126a29b1bfec,72,farbe_unscharf,[28885],False,46
6126a29b1bfec,161,farbe_scharf,[9431],False,-1
6126a29b1bfec,16,dap,[19158],False,45
6126a29b1bfec,7,dap,[5249],False,47
6126a29b1bfec,27,grosse_scharf,[15476],False,35
6126a29b1bfec,56,grosse_scharf,[6386],False,49
6126a29b1bfec,139,farbe_scharf,[7955],False,63
6126a29b1bfec,145,farbe_scharf,[7921],False,-1
6126a29b1bfec,30,grosse_scharf,[33739],False,64
6126a29b1bfec,21,dap,[9653],False,36
6126a29b1bfec,62,farbe_unscharf,[22209],False,65
6126a29b1bfec,104,grosse_unscharf,[14880],False,37
6126a29b1bfec,65,farbe_unscharf,[12471],False,65
6126a29b1bfec,155,farbe_scharf,[19439],False,-1
6126a29b1bfec,88,farbe_unscharf,[8650],False,45
6126a29b1bfec,43,grosse_scharf,[6224],False,34
6126a29b1bfec,8,dap,[9837],False,52
6126a29b1bfec,2,dap,[9582],False,0
6126a29b1bfec,40,grosse_scharf,[10252],False,67
6126a29b1bfec,18,dap,[8633],False,11
6126a29b1bfec,129,grosse_unscharf,[19014],False,46
6126a29b1bfec,120,grosse_unscharf,[9780],False,37
6126a29b1bfec,19,dap,[5934],False,1
6126a29b1bfec,20,dap,[5634],False,50
6126a29b1bfec,97,grosse_unscharf,[10204],False,59
6126a29b1bfec,91,farbe_unscharf,"[4336, 7334]",False,50
6126a29b1bfec,9,dap,[9275],False,23
6126a29b1bfec,113,grosse_unscharf,[5586],False,49
6126a29b1bfec,123,grosse_unscharf,[3934],False,48
6126a29b1bfec,12,dap,[6374],False,100
6126a29b1bfec,3,dap,[16608],False,0
6126a29b1bfec,94,farbe_unscharf,[4449],False,50
6126a29b1bfec,13,dap,[3246],False,41
6126a29b1bfec,6,dap,[5173],False,49
6126a29b1bfec,11,dap,[16656],False,0
6126a29b1bfec,49,grosse_scharf,[4246],False,50
6126a29b1bfec,24,dap,[3657],False,49
6126a29b1bfec,78,farbe_unscharf,[8521],False,42
6126a29b1bfec,14,dap,[6091],False,51
6126a29b1bfec,5,dap,[7510],False,24
6126a29b1bfec,4,dap,[7776],False,43
6126a29b1bfec,142,farbe_scharf,[10264],False,64
6126a29b1bfec,46,grosse_scharf,[3753],False,30
6126a29b1bfec,59,grosse_scharf,[6677],False,48
6126a29b1bfec,33,grosse_scharf,[9577],False,34
6126a29b1bfec,152,farbe_scharf,[7622],False,34
6126a29b1bfec,81,farbe_unscharf,[6509],False,49
6126a29b1bfec,168,farbe_scharf,[8767],False,54
6126a29b1bfec,110,grosse_unscharf,"[18996, 22025]",False,50
6126a29b1bfec,158,farbe_scharf,[4366],False,50
6126a29b1bfec,17,dap,[5512],False,2
6126a29b1bfec,136,farbe_scharf,[6309],False,50
6126a29b1bfec,1,dap,[7377],False,12
6126a4519fccb,15,dap,[8748],False,100
6126a4519fccb,62,farbe_unscharf,[5602],False,-1
6126a4519fccb,72,farbe_unscharf,[5174],False,-1
6126a4519fccb,6,dap,[6089],False,-1
6126a4519fccb,78,farbe_unscharf,[4239],False,-1
6126a4519fccb,158,farbe_scharf,[5705],False,68
6126a4519fccb,3,dap,[4840],False,10
6126a4519fccb,18,dap,[5104],False,0
6126a4519fccb,2,dap,[4280],False,-1
6126a4519fccb,20,dap,[5070],False,0
6126a4519fccb,7,dap,[3759],False,0
6126a4519fccb,17,dap,[3065],False,0
6126a4519fccb,23,dap,[6264],False,53
6126a4519fccb,161,farbe_scharf,"[3552, 6386]",False,50
6126a4519fccb,11,dap,[11067],False,29
6126a4519fccb,75,farbe_unscharf,[8148],False,47
6126a4519fccb,145,farbe_scharf,[4058],False,-1
6126a4519fccb,91,farbe_unscharf,[4594],False,61
6126a4519fccb,8,dap,[3547],False,99
6126a4519fccb,88,farbe_unscharf,[10207],False,50
6126a4519fccb,155,farbe_scharf,[3674],False,0
6126a4519fccb,10,dap,[14931],False,16
6126a4519fccb,56,grosse_scharf,[6463],False,50
6126a4519fccb,12,dap,[4851],False,100
6126a4519fccb,113,grosse_unscharf,[6025],False,49
6126a4519fccb,107,grosse_unscharf,[7169],False,78
6126a4519fccb,49,grosse_scharf,[3988],False,76
6126a4519fccb,46,grosse_scharf,[5120],False,17
6126a4519fccb,168,farbe_scharf,[7231],False,26
6126a4519fccb,4,dap,[3085],False,100
6126a4519fccb,97,grosse_unscharf,[13808],False,76
6126a4519fccb,30,grosse_scharf,[4459],False,82
6126a4519fccb,123,grosse_unscharf,[4134],False,80
6126a4519fccb,126,grosse_unscharf,[3603],False,14
6126a4519fccb,1,dap,[5866],False,100
6126a4519fccb,40,grosse_scharf,[3035],False,79
6126a4519fccb,94,farbe_unscharf,[17901],False,13
6126a4519fccb,136,farbe_scharf,[5700],False,14
6126a4519fccb,21,dap,[4549],False,100
6126a4519fccb,152,farbe_scharf,[3750],False,-1
6126a4519fccb,59,grosse_scharf,[6934],False,12
6126a4519fccb,9,dap,[2640],False,100
6126a4519fccb,33,grosse_scharf,[3902],False,12
6126a4519fccb,22,dap,[3894],False,100
6126a4519fccb,14,dap,[2677],False,100
6126a4519fccb,81,farbe_unscharf,[4307],False,-1
6126a4519fccb,120,grosse_unscharf,[4806],False,15
6126a4519fccb,27,grosse_scharf,[11226],False,15
6126a4519fccb,139,farbe_scharf,[7319],False,-1
6126a4519fccb,142,farbe_scharf,[7830],False,-1
6126a4519fccb,43,grosse_scharf,[3402],False,13
6126a4519fccb,129,grosse_unscharf,[4497],False,14
6126a4519fccb,19,dap,[4003],False,0
6126a4519fccb,110,grosse_unscharf,[3392],False,13
6126a4519fccb,13,dap,[2526],False,100
6126a4519fccb,65,farbe_unscharf,[3342],False,13
6126a4519fccb,24,dap,[3592],False,0
6126a4519fccb,16,dap,[2847],False,2
6126a4519fccb,5,dap,[2474],False,0
6126a4519fccb,104,grosse_unscharf,[6281],False,13
6126a4645d81c,1,dap,[9485],False,100
6126a4645d81c,17,dap,[4833],False,0
6126a4645d81c,97,grosse_unscharf,[7604],False,100
6126a4645d81c,16,dap,[4154],False,0
6126a4645d81c,21,dap,[4420],False,100
6126a4645d81c,113,grosse_unscharf,[9283],False,100
6126a4645d81c,5,dap,[3617],False,100
6126a4645d81c,152,farbe_scharf,[9561],False,100
6126a4645d81c,49,grosse_scharf,[8104],False,100
6126a4645d81c,145,farbe_scharf,[4800],False,100
6126a4645d81c,81,farbe_unscharf,[9018],False,100
6126a4645d81c,91,farbe_unscharf,[7119],False,100
6126a4645d81c,30,grosse_scharf,[4232],False,100
6126a4645d81c,2,dap,[5502],False,0
6126a4645d81c,161,farbe_scharf,[4227],False,100
6126a4645d81c,40,grosse_scharf,[3948],False,100
6126a4645d81c,158,farbe_scharf,[7938],False,0
6126a4645d81c,123,grosse_unscharf,[4854],False,100
6126a4645d81c,59,grosse_scharf,[4452],False,100
6126a4645d81c,120,grosse_unscharf,[5547],False,100
6126a4645d81c,11,dap,[9106],False,0
6126a4645d81c,10,dap,[7125],False,100
6126a4645d81c,46,grosse_scharf,[4695],False,100
6126a4645d81c,155,farbe_scharf,[3901],False,100
6126a4645d81c,88,farbe_unscharf,[2948],False,100
6126a4645d81c,24,dap,[7998],False,0
6126a4645d81c,3,dap,[4946],False,0
6126a4645d81c,13,dap,[7414],False,100
6126a4645d81c,62,farbe_unscharf,[3941],False,100
6126a4645d81c,14,dap,[2806],False,100
6126a4645d81c,142,farbe_scharf,[9034],False,100
6126a4645d81c,139,farbe_scharf,[4223],False,100
6126a4645d81c,7,dap,[6454],False,100
6126a4645d81c,9,dap,[7752],False,100
6126a4645d81c,94,farbe_unscharf,[3968],False,100
6126a4645d81c,56,grosse_scharf,[3677],False,100
6126a4645d81c,27,grosse_scharf,[4640],False,100
6126a4645d81c,78,farbe_unscharf,[4606],False,100
6126a4645d81c,104,grosse_unscharf,[3808],False,100
6126a4645d81c,8,dap,[3907],False,0
6126a4645d81c,110,grosse_unscharf,[4520],False,100
6126a4645d81c,22,dap,[6977],False,100
6126a4645d81c,18,dap,[4719],False,100
6126a4645d81c,15,dap,[3055],False,100
6126a4645d81c,6,dap,[3065],False,100
6126a4645d81c,107,grosse_unscharf,[4144],False,100
6126a4645d81c,72,farbe_unscharf,[3085],False,100
6126a4645d81c,4,dap,[6087],False,0
6126a4645d81c,65,farbe_unscharf,[7321],False,100
6126a4645d81c,43,grosse_scharf,[2985],False,100
6126a4645d81c,168,farbe_scharf,[15252],False,100
6126a4645d81c,126,grosse_unscharf,[13494],False,100
6126a4645d81c,33,grosse_scharf,[5718],False,100
6126a4645d81c,23,dap,[3281],False,100
6126a4645d81c,136,farbe_scharf,[3614],False,100
6126a4645d81c,12,dap,[20577],False,100
6126a4645d81c,129,grosse_unscharf,[3573],False,100
6126a4645d81c,75,farbe_unscharf,[3048],False,100
6126a4645d81c,20,dap,[2895],False,0
6126a4645d81c,19,dap,[7857],False,0
6126a68f71db2,15,dap,[8768],False,4
6126a68f71db2,56,grosse_scharf,[11563],False,44
6126a68f71db2,30,grosse_scharf,[13050],False,54
6126a68f71db2,4,dap,"[4864, 14220]",False,82
6126a68f71db2,62,farbe_unscharf,[8176],False,18
6126a68f71db2,6,dap,[11962],False,89
6126a68f71db2,168,farbe_scharf,[8185],False,93
6126a68f71db2,22,dap,[7440],False,100
6126a68f71db2,97,grosse_unscharf,[8417],False,5
6126a68f71db2,43,grosse_scharf,[10825],False,48
6126a68f71db2,12,dap,[6562],False,0
6126a68f71db2,139,farbe_scharf,[8209],False,47
6126a68f71db2,49,grosse_scharf,[7173],False,5
6126a68f71db2,17,dap,[5655],False,99
6126a68f71db2,155,farbe_scharf,[5915],False,48
6126a68f71db2,13,dap,[6339],False,98
6126a68f71db2,94,farbe_unscharf,[8523],False,46
6126a68f71db2,14,dap,[3858],False,100
6126a68f71db2,40,grosse_scharf,[12884],False,48
6126a68f71db2,107,grosse_unscharf,[8821],False,47
6126a68f71db2,126,grosse_unscharf,[9005],False,40
6126a68f71db2,75,farbe_unscharf,[23631],False,48
6126a68f71db2,46,grosse_scharf,[8455],False,20
6126a68f71db2,1,dap,[13901],False,98
6126a68f71db2,3,dap,[14481],False,-1
6126a68f71db2,7,dap,[21850],False,48
6126a68f71db2,10,dap,[7792],False,100
6126a68f71db2,88,farbe_unscharf,[8245],False,47
6126a68f71db2,8,dap,[6324],False,48
6126a68f71db2,16,dap,[9615],False,48
6126a68f71db2,145,farbe_scharf,[11604],False,37
6126a68f71db2,33,grosse_scharf,[6551],False,17
6126a68f71db2,19,dap,[7587],False,47
6126a68f71db2,158,farbe_scharf,[7280],False,46
6126a68f71db2,110,grosse_unscharf,[10221],False,35
6126a68f71db2,104,grosse_unscharf,[23720],False,47
6126a68f71db2,11,dap,[9544],False,98
6126a68f71db2,136,farbe_scharf,[5966],False,47
6126a68f71db2,123,grosse_unscharf,[6177],False,27
6126a68f71db2,78,farbe_unscharf,[4711],False,23
6126a68f71db2,91,farbe_unscharf,[7529],False,25
6126a68f71db2,142,farbe_scharf,[7886],False,39
6126a68f71db2,72,farbe_unscharf,[5616],False,46
6126a68f71db2,24,dap,[11742],False,48
6126a68f71db2,113,grosse_unscharf,[6002],False,17
6126a68f71db2,18,dap,[8984],False,100
6126a68f71db2,20,dap,[12159],False,47
6126a68f71db2,152,farbe_scharf,[5374],False,50
6126a68f71db2,59,grosse_scharf,[7379],False,50
6126a68f71db2,161,farbe_scharf,"[4298, 6548]",False,49
6126a68f71db2,2,dap,[4994],False,99
6126a68f71db2,9,dap,[12780],False,99
6126a68f71db2,120,grosse_unscharf,[5501],False,34
6126a68f71db2,65,farbe_unscharf,[13740],False,49
6126a68f71db2,81,farbe_unscharf,[9090],False,48
6126a68f71db2,5,dap,[4617],False,99
6126a68f71db2,27,grosse_scharf,[5452],False,51
6126a68f71db2,129,grosse_unscharf,[41648],False,46
6126a68f71db2,23,dap,[6408],False,57
6126a68f71db2,21,dap,[16162],False,50
6126bd70bdc23,13,dap,[8087],False,2
6126bd70bdc23,40,grosse_scharf,[18574],False,50
6126bd70bdc23,62,farbe_unscharf,[9139],False,50
6126bd70bdc23,161,farbe_scharf,[8395],False,50
6126bd70bdc23,15,dap,[16328],False,97
6126bd70bdc23,24,dap,[21296],False,27
6126bd70bdc23,136,farbe_scharf,[7403],False,50
6126bd70bdc23,23,dap,[13894],False,68
6126bd70bdc23,168,farbe_scharf,[13034],False,3
6126bd70bdc23,72,farbe_unscharf,[12380],False,77
6126bd70bdc23,21,dap,[13742],False,2
6126bd70bdc23,11,dap,[25675],False,4
6126bd70bdc23,22,dap,[6258],False,2
6126bd70bdc23,155,farbe_scharf,[6737],False,95
6126bd70bdc23,142,farbe_scharf,[25080],False,98
6126bd70bdc23,27,grosse_scharf,[8812],False,95
6126bd70bdc23,30,grosse_scharf,[7900],False,95
6126bd70bdc23,5,dap,[6571],False,5
6126bd70bdc23,113,grosse_unscharf,[9022],False,1
6126bd70bdc23,46,grosse_scharf,[3410],False,2
6126bd70bdc23,49,grosse_scharf,[6567],False,90
6126bd70bdc23,1,dap,[8877],False
6126bd70bdc23,33,grosse_scharf,[4162],False,96
6126bd70bdc23,120,grosse_unscharf,[10467],False,51
6126bd70bdc23,107,grosse_unscharf,[4189],False
6126bd70bdc23,9,dap,[3708],False,5
6126bd70bdc23,65,farbe_unscharf,[4698],False
6126bd70bdc23,20,dap,[3888],False
6126bd70bdc23,7,dap,[11579],False,61
6126bd70bdc23,94,farbe_unscharf,[4410],False
6126bd70bdc23,88,farbe_unscharf,[22341],False,90
6126bd70bdc23,78,farbe_unscharf,[5470],False,88
6126bd70bdc23,104,grosse_unscharf,[26588],False,-1
6126bd70bdc23,123,grosse_unscharf,[10868],False,89
6126bd70bdc23,139,farbe_scharf,[6437],False,96
6126bd70bdc23,145,farbe_scharf,[5545],False,96
6126bd70bdc23,91,farbe_unscharf,[4287],False,95
6126bd70bdc23,19,dap,[4638],False,7
6126bd70bdc23,17,dap,[7165],False,3
6126bd70bdc23,152,farbe_scharf,[14069],False,2
6126bd70bdc23,8,dap,[5352],False
6126bd70bdc23,16,dap,[3616],False
6126bd70bdc23,158,farbe_scharf,[3282],False
6126bd70bdc23,2,dap,[6274],False
6126bd70bdc23,110,grosse_unscharf,[5871],False
6126bd70bdc23,126,grosse_unscharf,[4876],False
6126bd70bdc23,129,grosse_unscharf,[5758],False,83
6126bd70bdc23,14,dap,[5128],False,4
6126bd70bdc23,43,grosse_scharf,[6401],False,96
6126bd70bdc23,18,dap,[6748],False,2
6126bd70bdc23,3,dap,[24062],False,20
6126bd70bdc23,81,farbe_unscharf,[17307],False,88
6126bd70bdc23,4,dap,[4177],False
6126bd70bdc23,10,dap,"[5454, 6639]",False,25
6126bd70bdc23,97,grosse_unscharf,[9810],False,50
6126bd70bdc23,59,grosse_scharf,[4126],False,93
6126bd70bdc23,56,grosse_scharf,[3842],False
6126bd70bdc23,12,dap,[3375],False,96
6126bd70bdc23,75,farbe_unscharf,[21706],False,89
6126bd70bdc23,6,dap,[5075],False,0
612764fc63411,2,dap,[11006],False,97
612764fc63411,146,farbe_scharf,[12360],False,32
612764fc63411,37,grosse_scharf,[9661],False,0
612764fc63411,140,farbe_scharf,[9590],False,0
612764fc63411,82,farbe_unscharf,[7272],False,1
612764fc63411,10,dap,[16553],False,100
612764fc63411,15,dap,[5385],False,0
612764fc63411,47,grosse_scharf,[7132],False,0
612764fc63411,11,dap,[7000],False,100
612764fc63411,22,dap,[7143],False,8
612764fc63411,31,grosse_scharf,[5879],False,0
612764fc63411,76,farbe_unscharf,[3930],False,0
612764fc63411,3,dap,[7356],False,100
612764fc63411,66,farbe_unscharf,[7097],False,0
612764fc63411,127,grosse_unscharf,[7898],False,0
612764fc63411,159,farbe_scharf,[7813],False,94
612764fc63411,9,dap,[5207],False,0
612764fc63411,149,farbe_scharf,[6394],False,0
612764fc63411,50,grosse_scharf,[6013],False,0
612764fc63411,24,dap,[4663],False,100
612764fc63411,124,grosse_unscharf,[4953],False,0
612764fc63411,17,dap,[4998],False,98
612764fc63411,28,grosse_scharf,[6552],False,97
612764fc63411,92,farbe_unscharf,[7421],False,0
612764fc63411,117,grosse_unscharf,[6824],False,0
612764fc63411,16,dap,[7354],False,99
612764fc63411,1,dap,[5337],False,73
612764fc63411,20,dap,[5735],False,100
612764fc63411,95,farbe_unscharf,[5225],False,0
612764fc63411,98,grosse_unscharf,[5896],False,2
612764fc63411,114,grosse_unscharf,[5551],False,0
612764fc63411,101,grosse_unscharf,[5579],False,0
612764fc63411,21,dap,[6300],False,0
612764fc63411,156,farbe_scharf,[5512],False,0
612764fc63411,13,dap,[6950],False,1
612764fc63411,23,dap,[4749],False,2
612764fc63411,130,grosse_unscharf,[4856],False,0
612764fc63411,85,farbe_unscharf,[5576],False,0
612764fc63411,60,grosse_scharf,[4039],False,0
612764fc63411,8,dap,[4584],False,97
612764fc63411,14,dap,[4522],False,0
612764fc63411,7,dap,[4581],False,0
612764fc63411,143,farbe_scharf,[5359],False,2
612764fc63411,53,grosse_scharf,[5095],False,0
612764fc63411,79,farbe_unscharf,[6968],False,3
612764fc63411,5,dap,[3832],False,0
612764fc63411,34,grosse_scharf,[5082],False,0
612764fc63411,162,farbe_scharf,[10344],False,100
612764fc63411,19,dap,[12759],False,100
612764fc63411,111,grosse_unscharf,[6230],False,0
612764fc63411,133,farbe_scharf,[7433],False,0
612764fc63411,44,grosse_scharf,[8375],False,0
612764fc63411,4,dap,[5535],False,100
612764fc63411,12,dap,[5689],False,0
612764fc63411,6,dap,[6237],False,2
612764fc63411,63,farbe_unscharf,[5816],False,0
612764fc63411,69,farbe_unscharf,[6470],False,0
612764fc63411,108,grosse_unscharf,[5549],False,0
612764fc63411,165,farbe_scharf,[6647],False,0
612764fc63411,18,dap,[7976],False,0
612766bcf3fe0,108,grosse_unscharf,"[22782, 25210]",False,50
612766bcf3fe0,60,grosse_scharf,[7420],False,50
612766bcf3fe0,92,farbe_unscharf,[11489],False,0
612766bcf3fe0,117,grosse_unscharf,[13547],False,50
612766bcf3fe0,7,dap,[9015],False,50
612766bcf3fe0,21,dap,[7471],False,100
612766bcf3fe0,111,grosse_unscharf,[9447],False,50
612766bcf3fe0,11,dap,[7135],False,0
612766bcf3fe0,149,farbe_scharf,[8798],False,50
612766bcf3fe0,124,grosse_unscharf,[10193],False,50
612766bcf3fe0,3,dap,[9499],False,0
612766bcf3fe0,162,farbe_scharf,[8953],False,0
612766bcf3fe0,13,dap,[5446],False,100
612766bcf3fe0,85,farbe_unscharf,[5603],False,50
612766bcf3fe0,9,dap,[7124],False,100
612766bcf3fe0,2,dap,[4919],False,0
612766bcf3fe0,18,dap,[5297],False,100
612766bcf3fe0,24,dap,[5637],False,0
612766bcf3fe0,63,farbe_unscharf,[6295],False,50
612766bcf3fe0,19,dap,[5466],False,0
612766bcf3fe0,22,dap,[3911],False,100
612766bcf3fe0,5,dap,[4717],False,100
612766bcf3fe0,114,grosse_unscharf,[4716],False,50
612766bcf3fe0,20,dap,[2943],False,0
612766bcf3fe0,140,farbe_scharf,[5377],False,50
612766bcf3fe0,53,grosse_scharf,[9849],False,52
612766bcf3fe0,4,dap,[4618],False,50
612766bcf3fe0,159,farbe_scharf,[8080],False,50
612766bcf3fe0,47,grosse_scharf,[4182],False,50
612766bcf3fe0,1,dap,[3559],False,100
612766bcf3fe0,156,farbe_scharf,[5575],False,50
612766bcf3fe0,127,grosse_unscharf,[3663],False,50
612766bcf3fe0,101,grosse_unscharf,[5466],False,50
612766bcf3fe0,165,farbe_scharf,[3016],False,50
612766bcf3fe0,79,farbe_unscharf,[32478],False,50
612766bcf3fe0,6,dap,[3493],False,100
612766bcf3fe0,34,grosse_scharf,[7031],False,50
612766bcf3fe0,143,farbe_scharf,[4263],False,50
612766bcf3fe0,31,grosse_scharf,[3804],False,50
612766bcf3fe0,66,farbe_unscharf,[4193],False,50
612766bcf3fe0,130,grosse_unscharf,[4227],False,50
612766bcf3fe0,28,grosse_scharf,[5062],False,50
612766bcf3fe0,15,dap,[5007],False,100
612766bcf3fe0,44,grosse_scharf,[3449],False,50
612766bcf3fe0,133,farbe_scharf,[6315],False,50
612766bcf3fe0,98,grosse_unscharf,[8908],False,50
612766bcf3fe0,10,dap,[3427],False,100
612766bcf3fe0,12,dap,[3500],False,100
612766bcf3fe0,69,farbe_unscharf,[4236],False,50
612766bcf3fe0,82,farbe_unscharf,[3545],False,50
612766bcf3fe0,95,farbe_unscharf,[5935],False,50
612766bcf3fe0,76,farbe_unscharf,[3330],False,50
612766bcf3fe0,23,dap,[2390],False,100
612766bcf3fe0,50,grosse_scharf,[3889],False,50
612766bcf3fe0,146,farbe_scharf,[2308],False,50
612766bcf3fe0,17,dap,[5653],False,0
612766bcf3fe0,16,dap,[2932],False,0
612766bcf3fe0,14,dap,[5201],False,100
612766bcf3fe0,8,dap,[5179],False,0
612766bcf3fe0,37,grosse_scharf,[7116],False,48
61276807ee676,85,farbe_unscharf,[9825],False,15
61276807ee676,28,grosse_scharf,[12537],False,28
61276807ee676,47,grosse_scharf,[6893],False,10
61276807ee676,20,dap,[9140],False,73
61276807ee676,95,farbe_unscharf,[8548],False,83
61276807ee676,143,farbe_scharf,[11497],False,83
61276807ee676,12,dap,[6569],False,2
61276807ee676,4,dap,[10901],False,60
61276807ee676,92,farbe_unscharf,[7940],False,26
61276807ee676,9,dap,[10549],False,29
61276807ee676,24,dap,[6450],False,75
61276807ee676,31,grosse_scharf,[8310],False,27
61276807ee676,22,dap,[5486],False,17
61276807ee676,11,dap,[8390],False,98
61276807ee676,37,grosse_scharf,[6482],False,6
61276807ee676,8,dap,[8068],False,71
61276807ee676,76,farbe_unscharf,[7886],False,79
61276807ee676,69,farbe_unscharf,[5094],False,76
61276807ee676,156,farbe_scharf,[10296],False,75
61276807ee676,50,grosse_scharf,[5824],False,21
61276807ee676,3,dap,[7596],False,98
61276807ee676,15,dap,[4659],False,22
61276807ee676,149,farbe_scharf,[8948],False,80
61276807ee676,14,dap,[7556],False,31
61276807ee676,44,grosse_scharf,[3992],False,24
61276807ee676,34,grosse_scharf,[4546],False,17
61276807ee676,2,dap,[5081],False,97
61276807ee676,13,dap,[4270],False,24
61276807ee676,111,grosse_unscharf,[5839],False,9
61276807ee676,1,dap,[6390],False,25
61276807ee676,162,farbe_scharf,[11809],False,78
61276807ee676,10,dap,[4947],False,16
61276807ee676,130,grosse_unscharf,[5449],False,16
61276807ee676,165,farbe_scharf,[7025],False,73
61276807ee676,16,dap,[4551],False,94
61276807ee676,21,dap,[4827],False,37
61276807ee676,5,dap,[4250],False,22
61276807ee676,53,grosse_scharf,[7076],False,14
61276807ee676,146,farbe_scharf,[6597],False,79
61276807ee676,19,dap,[6321],False,98
61276807ee676,6,dap,[6132],False,33
61276807ee676,98,grosse_unscharf,[6931],False,22
61276807ee676,127,grosse_unscharf,[4590],False,25
61276807ee676,124,grosse_unscharf,[4687],False,15
61276807ee676,108,grosse_unscharf,[4054],False,23
61276807ee676,60,grosse_scharf,[3517],False,23
61276807ee676,101,grosse_unscharf,[5387],False,19
61276807ee676,79,farbe_unscharf,[5851],False,84
61276807ee676,117,grosse_unscharf,[3413],False,17
61276807ee676,66,farbe_unscharf,[4270],False,79
61276807ee676,7,dap,[9587],False,38
61276807ee676,140,farbe_scharf,[6195],False,74
61276807ee676,17,dap,[9284],False,98
61276807ee676,63,farbe_unscharf,[3883],False,86
61276807ee676,114,grosse_unscharf,[10593],False,21
61276807ee676,18,dap,[6628],False,67
61276807ee676,159,farbe_scharf,[6619],False,83
61276807ee676,82,farbe_unscharf,[4569],False,84
61276807ee676,133,farbe_scharf,[4405],False,81
61276807ee676,23,dap,[4267],False,15
612768871915c,21,dap,[11414],False,100
612768871915c,156,farbe_scharf,[6380],False,100
612768871915c,159,farbe_scharf,[12531],False,100
612768871915c,13,dap,[9268],False,100
612768871915c,130,grosse_unscharf,[10499],False,100
612768871915c,117,grosse_unscharf,[6316],False,100
612768871915c,12,dap,[4164],False,100
612768871915c,19,dap,[4909],False,0
612768871915c,7,dap,[9164],False,0
612768871915c,8,dap,[4972],False,100
612768871915c,14,dap,[9572],False,0
612768871915c,5,dap,[3820],False,100
612768871915c,114,grosse_unscharf,[3941],False,100
612768871915c,6,dap,[3397],False,0
612768871915c,85,farbe_unscharf,[5428],False,100
612768871915c,20,dap,[3637],False,0
612768871915c,133,farbe_scharf,[3748],False,100
612768871915c,127,grosse_unscharf,[5509],False,100
612768871915c,47,grosse_scharf,[4756],False,100
612768871915c,82,farbe_unscharf,[3190],False,100
612768871915c,124,grosse_unscharf,[4483],False,100
612768871915c,50,grosse_scharf,[2533],False,100
612768871915c,28,grosse_scharf,[5765],False,100
612768871915c,2,dap,[6302],False,0
612768871915c,31,grosse_scharf,[7101],False,100
612768871915c,165,farbe_scharf,[2605],False,100
612768871915c,98,grosse_unscharf,[3452],False,100
612768871915c,92,farbe_unscharf,[3204],False,100
612768871915c,162,farbe_scharf,[10213],False,0
612768871915c,44,grosse_scharf,[6069],False,100
612768871915c,95,farbe_unscharf,[3838],False,100
612768871915c,146,farbe_scharf,[2068],False,100
612768871915c,1,dap,[3405],False,100
612768871915c,69,farbe_unscharf,[2597],False,100
612768871915c,143,farbe_scharf,[7037],False,100
612768871915c,24,dap,[10420],False,100
612768871915c,63,farbe_unscharf,[3284],False,100
612768871915c,101,grosse_unscharf,[3333],False,100
612768871915c,16,dap,[3029],False,0
612768871915c,18,dap,[5956],False,0
612768871915c,37,grosse_scharf,[5196],False,100
612768871915c,149,farbe_scharf,[4758],False,100
612768871915c,22,dap,[5172],False,0
612768871915c,111,grosse_unscharf,[4180],False,100
612768871915c,9,dap,[6078],False,0
612768871915c,10,dap,[2891],False,0
612768871915c,79,farbe_unscharf,[3300],False,100
612768871915c,53,grosse_scharf,[3901],False,100
612768871915c,34,grosse_scharf,[1957],False,100
612768871915c,15,dap,[19939],False
612768871915c,108,grosse_unscharf,[2189],False,100
612768871915c,4,dap,[2988],False,100
612768871915c,140,farbe_scharf,[2100],False,100
612768871915c,66,farbe_unscharf,[2989],False,100
612768871915c,23,dap,[6452],False,100
612768871915c,60,grosse_scharf,[6116],False,100
612768871915c,76,farbe_unscharf,[4132],False,100
612768871915c,17,dap,[4292],False,0
612768871915c,3,dap,[5973],False,100
612768871915c,11,dap,[7012],False,0
61276b0ce19eb,111,grosse_unscharf,[9347],False,100
61276b0ce19eb,130,grosse_unscharf,[10192],False,100
61276b0ce19eb,101,grosse_unscharf,[8337],False,100
61276b0ce19eb,53,grosse_scharf,[12338],False,0
61276b0ce19eb,1,dap,[8958],False,0
61276b0ce19eb,159,farbe_scharf,[20987],False,0
61276b0ce19eb,13,dap,[11177],False,100
61276b0ce19eb,50,grosse_scharf,[14547],False,100
61276b0ce19eb,34,grosse_scharf,[9430],False,100
61276b0ce19eb,165,farbe_scharf,[8378],False,0
61276b0ce19eb,85,farbe_unscharf,[6644],False,0
61276b0ce19eb,15,dap,[5427],False,100
61276b0ce19eb,92,farbe_unscharf,[6308],False,0
61276b0ce19eb,8,dap,[7903],False,0
61276b0ce19eb,63,farbe_unscharf,[7479],False,0
61276b0ce19eb,6,dap,[4961],False,100
61276b0ce19eb,24,dap,[4795],False,0
61276b0ce19eb,21,dap,[4849],False,100
61276b0ce19eb,31,grosse_scharf,[7932],False,100
61276b0ce19eb,127,grosse_unscharf,[9208],False,0
61276b0ce19eb,37,grosse_scharf,[6127],False,100
61276b0ce19eb,114,grosse_unscharf,[9489],False,100
61276b0ce19eb,60,grosse_scharf,[5912],False,100
61276b0ce19eb,16,dap,[4754],False,0
61276b0ce19eb,124,grosse_unscharf,[13042],False,0
61276b0ce19eb,11,dap,[10859],False,-1
61276b0ce19eb,117,grosse_unscharf,[15749],False,13
61276b0ce19eb,98,grosse_unscharf,[6749],False,100
61276b0ce19eb,146,farbe_scharf,[11322],False,85
61276b0ce19eb,47,grosse_scharf,[7792],False,82
61276b0ce19eb,143,farbe_scharf,[5279],False,100
61276b0ce19eb,17,dap,[8726],False,29
61276b0ce19eb,66,farbe_unscharf,[7495],False,81
61276b0ce19eb,149,farbe_scharf,[14031],False
61276b0ce19eb,140,farbe_scharf,[6241],False,-1
61276b0ce19eb,2,dap,[6173],False,8
61276b0ce19eb,28,grosse_scharf,[5265],False,100
61276b0ce19eb,18,dap,[6339],False,0
61276b0ce19eb,162,farbe_scharf,[18078],False,0
61276b0ce19eb,5,dap,[7419],False,92
61276b0ce19eb,4,dap,[4613],False,0
61276b0ce19eb,3,dap,[5504],False,0
61276b0ce19eb,12,dap,[6866],False,100
61276b0ce19eb,95,farbe_unscharf,[10133],False,27
61276b0ce19eb,20,dap,[4554],False,-1
61276b0ce19eb,19,dap,[8144],False,14
61276b0ce19eb,44,grosse_scharf,[7582],False,0
61276b0ce19eb,14,dap,[8866],False,100
61276b0ce19eb,23,dap,[5530],False,-1
61276b0ce19eb,22,dap,[6478],False,-1
61276b0ce19eb,82,farbe_unscharf,[6623],False,75
61276b0ce19eb,79,farbe_unscharf,[11178],False,74
61276b0ce19eb,7,dap,[4275],False,92
61276b0ce19eb,76,farbe_unscharf,[7208],False,18
61276b0ce19eb,108,grosse_unscharf,[8394],False,0
61276b0ce19eb,10,dap,[9861],False,100
61276b0ce19eb,9,dap,[3969],False,100
61276b0ce19eb,69,farbe_unscharf,[7857],False,-1
61276b0ce19eb,133,farbe_scharf,[7279],False,-1
61276b0ce19eb,156,farbe_scharf,[5276],False,-1
61276ba66eade,21,dap,[5413],False,90
61276ba66eade,10,dap,[7748],False,96
61276ba66eade,85,farbe_unscharf,[5090],False,10
61276ba66eade,82,farbe_unscharf,[4033],False,6
61276ba66eade,31,grosse_scharf,[6578],False,5
61276ba66eade,12,dap,[5106],False,5
61276ba66eade,76,farbe_unscharf,[4649],False,6
61276ba66eade,19,dap,[6458],False,95
61276ba66eade,156,farbe_scharf,[3738],False,2
61276ba66eade,130,grosse_unscharf,[4629],False,7
61276ba66eade,98,grosse_unscharf,[4452],False,5
61276ba66eade,3,dap,[9346],False,94
61276ba66eade,37,grosse_scharf,[4202],False,6
61276ba66eade,162,farbe_scharf,[6250],False,-1
61276ba66eade,4,dap,[6532],False,6
61276ba66eade,7,dap,[3899],False,5
61276ba66eade,15,dap,[3859],False,7
61276ba66eade,34,grosse_scharf,[4364],False,5
61276ba66eade,159,farbe_scharf,[12675],False,92
61276ba66eade,9,dap,[7269],False,91
61276ba66eade,108,grosse_unscharf,[4076],False,6
61276ba66eade,8,dap,[5651],False,91
61276ba66eade,23,dap,[3968],False,5
61276ba66eade,165,farbe_scharf,[3587],False,4
61276ba66eade,146,farbe_scharf,[3139],False,4
61276ba66eade,16,dap,[4756],False,92
61276ba66eade,143,farbe_scharf,[5045],False,6
61276ba66eade,79,farbe_unscharf,[5305],False,5
61276ba66eade,60,grosse_scharf,[6026],False,6
61276ba66eade,117,grosse_unscharf,[3658],False,4
61276ba66eade,18,dap,[5312],False,97
61276ba66eade,17,dap,[4744],False,100
61276ba66eade,92,farbe_unscharf,[6002],False,0
61276ba66eade,5,dap,[3675],False,99
61276ba66eade,1,dap,[5432],False,0
61276ba66eade,22,dap,[2827],False,100
61276ba66eade,14,dap,[2305],False,100
61276ba66eade,63,farbe_unscharf,[3035],False,0
61276ba66eade,24,dap,[2975],False,100
61276ba66eade,101,grosse_unscharf,[5964],False,11
61276ba66eade,111,grosse_unscharf,[4795],False,0
61276ba66eade,149,farbe_scharf,[3938],False,0
61276ba66eade,53,grosse_scharf,[2867],False,0
61276ba66eade,50,grosse_scharf,[3770],False,0
61276ba66eade,11,dap,[6335],False,-1
61276ba66eade,124,grosse_unscharf,[12421],False,0
61276ba66eade,69,farbe_unscharf,[6768],False,11
61276ba66eade,66,farbe_unscharf,[3681],False,0
61276ba66eade,47,grosse_scharf,[2907],False,0
61276ba66eade,95,farbe_unscharf,[3100],False,0
61276ba66eade,2,dap,[4178],False,100
61276ba66eade,114,grosse_unscharf,[2947],False,0
61276ba66eade,28,grosse_scharf,[4196],False,0
61276ba66eade,6,dap,[3841],False,100
61276ba66eade,13,dap,[4860],False,6
61276ba66eade,140,farbe_scharf,[5683],False,0
61276ba66eade,20,dap,[3314],False,100
61276ba66eade,44,grosse_scharf,[2614],False,0
61276ba66eade,133,farbe_scharf,[4235],False,0
61276ba66eade,127,grosse_unscharf,[4074],False,0
61276c9c7668b,12,dap,[5391],False,100
61276c9c7668b,63,farbe_unscharf,[9025],False,27
61276c9c7668b,7,dap,[12679],False,30
61276c9c7668b,127,grosse_unscharf,[7936],False,87
61276c9c7668b,85,farbe_unscharf,[5730],False,26
61276c9c7668b,24,dap,[3958],False,29
61276c9c7668b,28,grosse_scharf,[6970],False,23
61276c9c7668b,140,farbe_scharf,[9803],False,19
61276c9c7668b,3,dap,[14097],False,1
61276c9c7668b,156,farbe_scharf,[4460],False,10
61276c9c7668b,11,dap,[6347],False,0
61276c9c7668b,159,farbe_scharf,[4979],False,10
61276c9c7668b,146,farbe_scharf,[4570],False,1
61276c9c7668b,101,grosse_unscharf,[4141],False,93
61276c9c7668b,60,grosse_scharf,[5768],False,90
61276c9c7668b,117,grosse_unscharf,[4593],False,14
61276c9c7668b,82,farbe_unscharf,[5173],False,10
61276c9c7668b,108,grosse_unscharf,[5854],False,84
61276c9c7668b,124,grosse_unscharf,[3486],False,92
61276c9c7668b,130,grosse_unscharf,[5178],False,92
61276c9c7668b,79,farbe_unscharf,[2987],False,18
61276c9c7668b,4,dap,[7856],False,9
61276c9c7668b,47,grosse_scharf,[4955],False,92
61276c9c7668b,44,grosse_scharf,[5498],False,91
61276c9c7668b,50,grosse_scharf,[3527],False,90
61276c9c7668b,20,dap,[3835],False,13
61276c9c7668b,15,dap,[3965],False,96
61276c9c7668b,1,dap,[6224],False,7
61276c9c7668b,95,farbe_unscharf,[4796],False,19
61276c9c7668b,5,dap,[3357],False,11
61276c9c7668b,149,farbe_scharf,[5834],False,14
61276c9c7668b,165,farbe_scharf,[4422],False,14
61276c9c7668b,92,farbe_unscharf,[8174],False,10
61276c9c7668b,18,dap,[4040],False,17
61276c9c7668b,114,grosse_unscharf,[3436],False,89
61276c9c7668b,21,dap,[2833],False,14
61276c9c7668b,6,dap,[4442],False,17
61276c9c7668b,34,grosse_scharf,[5069],False,83
61276c9c7668b,143,farbe_scharf,[4006],False,13
61276c9c7668b,23,dap,[4540],False,82
61276c9c7668b,10,dap,[4102],False,14
61276c9c7668b,31,grosse_scharf,[3223],False,85
61276c9c7668b,17,dap,[3761],False,12
61276c9c7668b,98,grosse_unscharf,[6414],False,89
61276c9c7668b,133,farbe_scharf,[6667],False,15
61276c9c7668b,53,grosse_scharf,[5165],False,90
61276c9c7668b,16,dap,[4760],False,87
61276c9c7668b,37,grosse_scharf,[4854],False,89
61276c9c7668b,19,dap,[6696],False,0
61276c9c7668b,9,dap,[6038],False,100
61276c9c7668b,14,dap,[5231],False,6
61276c9c7668b,111,grosse_unscharf,[5792],False,100
61276c9c7668b,2,dap,[7356],False,0
61276c9c7668b,76,farbe_unscharf,[4655],False,0
61276c9c7668b,13,dap,[3724],False,100
61276c9c7668b,22,dap,[6122],False,19
61276c9c7668b,66,farbe_unscharf,[7558],False,12
61276c9c7668b,69,farbe_unscharf,[5916],False,10
61276c9c7668b,8,dap,[3549],False,18
61276c9c7668b,162,farbe_scharf,[5149],False,13
61276df15a409,13,dap,[8648],False,100
61276df15a409,17,dap,[8140],False,0
61276df15a409,79,farbe_unscharf,[10602],False,0
61276df15a409,149,farbe_scharf,[11432],False,0
61276df15a409,15,dap,[8009],False,100
61276df15a409,11,dap,[8730],False,0
61276df15a409,19,dap,[12156],False,3
61276df15a409,66,farbe_unscharf,[6558],False,0
61276df15a409,50,grosse_scharf,[8574],False,92
61276df15a409,34,grosse_scharf,[14425],False,98
61276df15a409,143,farbe_scharf,[7630],False,0
61276df15a409,98,grosse_unscharf,[7610],False,0
61276df15a409,3,dap,[8669],False,0
61276df15a409,2,dap,[8458],False,0
61276df15a409,16,dap,[4858],False,0
61276df15a409,159,farbe_scharf,[7295],False,0
61276df15a409,37,grosse_scharf,[11400],False,100
61276df15a409,18,dap,[8732],False,0
61276df15a409,146,farbe_scharf,[8060],False,0
61276df15a409,124,grosse_unscharf,[7463],False,100
61276df15a409,10,dap,[5846],False,0
61276df15a409,20,dap,[5270],False,0
61276df15a409,85,farbe_unscharf,[6439],False,0
61276df15a409,133,farbe_scharf,[7186],False,0
61276df15a409,140,farbe_scharf,[4564],False,0
61276df15a409,114,grosse_unscharf,[10116],False,100
61276df15a409,165,farbe_scharf,[3614],False,0
61276df15a409,4,dap,[4052],False,0
61276df15a409,24,dap,[5455],False,0
61276df15a409,8,dap,[4516],False,0
61276df15a409,130,grosse_unscharf,[6087],False,100
61276df15a409,1,dap,[5814],False,0
61276df15a409,7,dap,[3748],False,100
61276df15a409,92,farbe_unscharf,[5570],False,0
61276df15a409,23,dap,[6479],False,100
61276df15a409,21,dap,[5521],False,0
61276df15a409,14,dap,[5231],False,0
61276df15a409,162,farbe_scharf,[8634],False,0
61276df15a409,9,dap,[6702],False,0
61276df15a409,117,grosse_unscharf,[6778],False,0
61276df15a409,76,farbe_unscharf,[5015],False,0
61276df15a409,95,farbe_unscharf,[7397],False,0
61276df15a409,69,farbe_unscharf,[5169],False,0
61276df15a409,47,grosse_scharf,[6212],False,0
61276df15a409,53,grosse_scharf,[5344],False,0
61276df15a409,22,dap,[3693],False,0
61276df15a409,101,grosse_unscharf,[5002],False,100
61276df15a409,31,grosse_scharf,[3700],False,0
61276df15a409,6,dap,[7940],False,0
61276df15a409,63,farbe_unscharf,[5958],False,0
61276df15a409,108,grosse_unscharf,[5996],False,100
61276df15a409,28,grosse_scharf,[6880],False,100
61276df15a409,111,grosse_unscharf,[8986],False,100
61276df15a409,12,dap,[6538],False,100
61276df15a409,82,farbe_unscharf,[4994],False,0
61276df15a409,44,grosse_scharf,[6011],False,100
61276df15a409,60,grosse_scharf,[4362],False,100
61276df15a409,127,grosse_unscharf,[6731],False,100
61276df15a409,156,farbe_scharf,[4138],False,0
61276df15a409,5,dap,[4191],False,0
